<?xml version='1.0' encoding='UTF-8' standalone='yes' ?><TrainingCenterDatabase creator="Mi Fitness" version="1.0" xmlns="http://www.garmin.com/xmlschemas/TrainingCenterDatabase/v2" xmlns:xsi="http://www.w3.org/2001/XMLSchema-instance" xsi:schemaLocation="http://www.garmin.com/xmlschemas/TrainingCenterDatabase/v2 http://www.garmin.com/xmlschemas/TrainingCenterDatabasev2.xsd"><Activities><Activity Sport=""><Id>2026-03-22T19:40:18.000Z</Id><Lap><TotalTimeSeconds>1723</TotalTimeSeconds><DistanceMeters>2500</DistanceMeters><Calories>182</Calories><HeartRateBpm>139</HeartRateBpm><AverageSpeed>0.0</AverageSpeed><Steps>3136</Steps><Track><Trackpoint><Time>2026-03-22T19:40:17.000Z</Time><Position><LatitudeDegrees>24.697582244873047</LatitudeDegrees><LongitudeDegrees>120.8984375</LongitudeDegrees></Position></Trackpoint><Trackpoint><Time>2026-03-22T19:40:20.000Z</Time><Position><LatitudeDegrees>24.69758415222168</LatitudeDegrees><LongitudeDegrees>120.8984375</LongitudeDegrees></Position></Trackpoint><Trackpoint><Time>2026-03-22T19:40:24.000Z</Time><Position><LatitudeDegrees>24.697586059570312</LatitudeDegrees><LongitudeDegrees>120.8984375</LongitudeDegrees></Position></Trackpoint><Trackpoint><Time>2026-03-22T19:40:44.000Z</Time><Position><LatitudeDegrees>24.69758415222168</LatitudeDegrees><LongitudeDegrees>120.89842987060547</LongitudeDegrees></Position></Trackpoint><Trackpoint><Time>2026-03-22T19:40:54.000Z</Time><Position><LatitudeDegrees>24.697582244873047</LatitudeDegrees><LongitudeDegrees>120.89842987060547</LongitudeDegrees></Position></Trackpoint><Trackpoint><Time>2026-03-22T19:41:14.000Z</Time><Position><LatitudeDegrees>24.697580337524414</LatitudeDegrees><LongitudeDegrees>120.89842987060547</LongitudeDegrees></Position></Trackpoint><Trackpoint><Time>2026-03-22T19:42:03.000Z</Time><Position><LatitudeDegrees>24.69757843017578</LatitudeDegrees><LongitudeDegrees>120.89842987060547</LongitudeDegrees></Position></Trackpoint><Trackpoint><Time>2026-03-22T19:42:44.000Z</Time><Position><LatitudeDegrees>24.697580337524414</LatitudeDegrees><LongitudeDegrees>120.89842987060547</LongitudeDegrees></Position></Trackpoint><Trackpoint><Time>2026-03-22T19:43:02.000Z</Time><Position><LatitudeDegrees>24.69757652282715</LatitudeDegrees><LongitudeDegrees>120.89842987060547</LongitudeDegrees></Position></Trackpoint><Trackpoint><Time>2026-03-22T19:43:03.000Z</Time><Position><LatitudeDegrees>24.697582244873047</LatitudeDegrees><LongitudeDegrees>120.89842987060547</LongitudeDegrees></Position></Trackpoint><Trackpoint><Time>2026-03-22T19:43:04.000Z</Time><Position><LatitudeDegrees>24.697580337524414</LatitudeDegrees><LongitudeDegrees>120.89842987060547</LongitudeDegrees></Position></Trackpoint><Trackpoint><Time>2026-03-22T19:43:05.000Z</Time><Position><LatitudeDegrees>24.69757843017578</LatitudeDegrees><LongitudeDegrees>120.89842987060547</LongitudeDegrees></Position></Trackpoint><Trackpoint><Time>2026-03-22T19:43:08.000Z</Time><Position><LatitudeDegrees>24.69757652282715</LatitudeDegrees><LongitudeDegrees>120.89842987060547</LongitudeDegrees></Position></Trackpoint><Trackpoint><Time>2026-03-22T19:43:12.000Z</Time><Position><LatitudeDegrees>24.69757843017578</LatitudeDegrees><LongitudeDegrees>120.89842224121094</LongitudeDegrees></Position></Trackpoint><Trackpoint><Time>2026-03-22T19:43:32.000Z</Time><Position><LatitudeDegrees>24.697580337524414</LatitudeDegrees><LongitudeDegrees>120.89842224121094</LongitudeDegrees></Position></Trackpoint><Trackpoint><Time>2026-03-22T19:43:41.000Z</Time><Position><LatitudeDegrees>24.697582244873047</LatitudeDegrees><LongitudeDegrees>120.89842224121094</LongitudeDegrees></Position></Trackpoint><Trackpoint><Time>2026-03-22T19:43:42.000Z</Time><Position><LatitudeDegrees>24.697612762451172</LatitudeDegrees><LongitudeDegrees>120.89834594726562</LongitudeDegrees></Position></Trackpoint><Trackpoint><Time>2026-03-22T19:43:43.000Z</Time><Position><LatitudeDegrees>24.697683334350586</LatitudeDegrees><LongitudeDegrees>120.89832305908203</LongitudeDegrees></Position></Trackpoint><Trackpoint><Time>2026-03-22T19:43:44.000Z</Time><Position><LatitudeDegrees>24.697629928588867</LatitudeDegrees><LongitudeDegrees>120.8983383178711</LongitudeDegrees></Position></Trackpoint><Trackpoint><Time>2026-03-22T19:43:45.000Z</Time><Position><LatitudeDegrees>24.697582244873047</LatitudeDegrees><LongitudeDegrees>120.89842224121094</LongitudeDegrees></Position></Trackpoint><Trackpoint><Time>2026-03-22T19:44:00.000Z</Time><Position><LatitudeDegrees>24.697586059570312</LatitudeDegrees><LongitudeDegrees>120.89842224121094</LongitudeDegrees></Position></Trackpoint><Trackpoint><Time>2026-03-22T19:44:07.000Z</Time><Position><LatitudeDegrees>24.697587966918945</LatitudeDegrees><LongitudeDegrees>120.89842224121094</LongitudeDegrees></Position></Trackpoint><Trackpoint><Time>2026-03-22T19:44:08.000Z</Time><Position><LatitudeDegrees>24.697586059570312</LatitudeDegrees><LongitudeDegrees>120.89842224121094</LongitudeDegrees></Position></Trackpoint><Trackpoint><Time>2026-03-22T19:44:11.000Z</Time><Position><LatitudeDegrees>24.69755744934082</LatitudeDegrees><LongitudeDegrees>120.8984146118164</LongitudeDegrees></Position></Trackpoint><Trackpoint><Time>2026-03-22T19:44:12.000Z</Time><Position><LatitudeDegrees>24.69761848449707</LatitudeDegrees><LongitudeDegrees>120.8984146118164</LongitudeDegrees></Position></Trackpoint><Trackpoint><Time>2026-03-22T19:44:13.000Z</Time><Position><LatitudeDegrees>24.69761848449707</LatitudeDegrees><LongitudeDegrees>120.89840698242188</LongitudeDegrees></Position></Trackpoint><Trackpoint><Time>2026-03-22T19:44:14.000Z</Time><Position><LatitudeDegrees>24.697622299194336</LatitudeDegrees><LongitudeDegrees>120.89839172363281</LongitudeDegrees></Position></Trackpoint><Trackpoint><Time>2026-03-22T19:44:15.000Z</Time><Position><LatitudeDegrees>24.697628021240234</LatitudeDegrees><LongitudeDegrees>120.89838409423828</LongitudeDegrees></Position></Trackpoint><Trackpoint><Time>2026-03-22T19:44:16.000Z</Time><Position><LatitudeDegrees>24.697635650634766</LatitudeDegrees><LongitudeDegrees>120.89837646484375</LongitudeDegrees></Position></Trackpoint><Trackpoint><Time>2026-03-22T19:44:17.000Z</Time><Position><LatitudeDegrees>24.69763946533203</LatitudeDegrees><LongitudeDegrees>120.89836883544922</LongitudeDegrees></Position></Trackpoint><Trackpoint><Time>2026-03-22T19:44:18.000Z</Time><Position><LatitudeDegrees>24.697641372680664</LatitudeDegrees><LongitudeDegrees>120.89835357666016</LongitudeDegrees></Position></Trackpoint><Trackpoint><Time>2026-03-22T19:44:19.000Z</Time><Position><LatitudeDegrees>24.697641372680664</LatitudeDegrees><LongitudeDegrees>120.89834594726562</LongitudeDegrees></Position></Trackpoint><Trackpoint><Time>2026-03-22T19:44:20.000Z</Time><Position><LatitudeDegrees>24.697643280029297</LatitudeDegrees><LongitudeDegrees>120.8983383178711</LongitudeDegrees></Position></Trackpoint><Trackpoint><Time>2026-03-22T19:44:21.000Z</Time><Position><LatitudeDegrees>24.69764518737793</LatitudeDegrees><LongitudeDegrees>120.89833068847656</LongitudeDegrees></Position></Trackpoint><Trackpoint><Time>2026-03-22T19:44:22.000Z</Time><Position><LatitudeDegrees>24.697647094726562</LatitudeDegrees><LongitudeDegrees>120.8983154296875</LongitudeDegrees></Position></Trackpoint><Trackpoint><Time>2026-03-22T19:44:23.000Z</Time><Position><LatitudeDegrees>24.697654724121094</LatitudeDegrees><LongitudeDegrees>120.8982925415039</LongitudeDegrees></Position></Trackpoint><Trackpoint><Time>2026-03-22T19:44:24.000Z</Time><Position><LatitudeDegrees>24.69765853881836</LatitudeDegrees><LongitudeDegrees>120.89827728271484</LongitudeDegrees></Position></Trackpoint><Trackpoint><Time>2026-03-22T19:44:25.000Z</Time><Position><LatitudeDegrees>24.697660446166992</LatitudeDegrees><LongitudeDegrees>120.89826202392578</LongitudeDegrees></Position></Trackpoint><Trackpoint><Time>2026-03-22T19:44:26.000Z</Time><Position><LatitudeDegrees>24.697660446166992</LatitudeDegrees><LongitudeDegrees>120.89824676513672</LongitudeDegrees></Position></Trackpoint><Trackpoint><Time>2026-03-22T19:44:27.000Z</Time><Position><LatitudeDegrees>24.697660446166992</LatitudeDegrees><LongitudeDegrees>120.89823913574219</LongitudeDegrees></Position></Trackpoint><Trackpoint><Time>2026-03-22T19:44:28.000Z</Time><Position><LatitudeDegrees>24.697662353515625</LatitudeDegrees><LongitudeDegrees>120.89822387695312</LongitudeDegrees></Position></Trackpoint><Trackpoint><Time>2026-03-22T19:44:29.000Z</Time><Position><LatitudeDegrees>24.69766616821289</LatitudeDegrees><LongitudeDegrees>120.89820861816406</LongitudeDegrees></Position></Trackpoint><Trackpoint><Time>2026-03-22T19:44:30.000Z</Time><Position><LatitudeDegrees>24.697673797607422</LatitudeDegrees><LongitudeDegrees>120.89820098876953</LongitudeDegrees></Position></Trackpoint><Trackpoint><Time>2026-03-22T19:44:31.000Z</Time><Position><LatitudeDegrees>24.69768524169922</LatitudeDegrees><LongitudeDegrees>120.89818572998047</LongitudeDegrees></Position></Trackpoint><Trackpoint><Time>2026-03-22T19:44:32.000Z</Time><Position><LatitudeDegrees>24.69769287109375</LatitudeDegrees><LongitudeDegrees>120.89817810058594</LongitudeDegrees></Position></Trackpoint><Trackpoint><Time>2026-03-22T19:44:33.000Z</Time><Position><LatitudeDegrees>24.69770050048828</LatitudeDegrees><LongitudeDegrees>120.8981704711914</LongitudeDegrees></Position></Trackpoint><Trackpoint><Time>2026-03-22T19:44:34.000Z</Time><Position><LatitudeDegrees>24.69770622253418</LatitudeDegrees><LongitudeDegrees>120.89815521240234</LongitudeDegrees></Position></Trackpoint><Trackpoint><Time>2026-03-22T19:44:35.000Z</Time><Position><LatitudeDegrees>24.697711944580078</LatitudeDegrees><LongitudeDegrees>120.89814758300781</LongitudeDegrees></Position></Trackpoint><Trackpoint><Time>2026-03-22T19:44:36.000Z</Time><Position><LatitudeDegrees>24.697717666625977</LatitudeDegrees><LongitudeDegrees>120.89813232421875</LongitudeDegrees></Position></Trackpoint><Trackpoint><Time>2026-03-22T19:44:37.000Z</Time><Position><LatitudeDegrees>24.697723388671875</LatitudeDegrees><LongitudeDegrees>120.89812469482422</LongitudeDegrees></Position></Trackpoint><Trackpoint><Time>2026-03-22T19:44:38.000Z</Time><Position><LatitudeDegrees>24.697725296020508</LatitudeDegrees><LongitudeDegrees>120.89810943603516</LongitudeDegrees></Position></Trackpoint><Trackpoint><Time>2026-03-22T19:44:39.000Z</Time><Position><LatitudeDegrees>24.697725296020508</LatitudeDegrees><LongitudeDegrees>120.89810180664062</LongitudeDegrees></Position></Trackpoint><Trackpoint><Time>2026-03-22T19:44:40.000Z</Time><Position><LatitudeDegrees>24.697721481323242</LatitudeDegrees><LongitudeDegrees>120.89808654785156</LongitudeDegrees></Position></Trackpoint><Trackpoint><Time>2026-03-22T19:44:41.000Z</Time><Position><LatitudeDegrees>24.697717666625977</LatitudeDegrees><LongitudeDegrees>120.8980712890625</LongitudeDegrees></Position></Trackpoint><Trackpoint><Time>2026-03-22T19:44:42.000Z</Time><Position><LatitudeDegrees>24.69771957397461</LatitudeDegrees><LongitudeDegrees>120.8980484008789</LongitudeDegrees></Position></Trackpoint><Trackpoint><Time>2026-03-22T19:44:43.000Z</Time><Position><LatitudeDegrees>24.697723388671875</LatitudeDegrees><LongitudeDegrees>120.89802551269531</LongitudeDegrees></Position></Trackpoint><Trackpoint><Time>2026-03-22T19:44:44.000Z</Time><Position><LatitudeDegrees>24.69772720336914</LatitudeDegrees><LongitudeDegrees>120.89800262451172</LongitudeDegrees></Position></Trackpoint><Trackpoint><Time>2026-03-22T19:44:45.000Z</Time><Position><LatitudeDegrees>24.69773292541504</LatitudeDegrees><LongitudeDegrees>120.89797973632812</LongitudeDegrees></Position></Trackpoint><Trackpoint><Time>2026-03-22T19:44:46.000Z</Time><Position><LatitudeDegrees>24.697742462158203</LatitudeDegrees><LongitudeDegrees>120.89795684814453</LongitudeDegrees></Position></Trackpoint><Trackpoint><Time>2026-03-22T19:44:47.000Z</Time><Position><LatitudeDegrees>24.697755813598633</LatitudeDegrees><LongitudeDegrees>120.89793395996094</LongitudeDegrees></Position></Trackpoint><Trackpoint><Time>2026-03-22T19:44:48.000Z</Time><Position><LatitudeDegrees>24.697769165039062</LatitudeDegrees><LongitudeDegrees>120.89790344238281</LongitudeDegrees></Position></Trackpoint><Trackpoint><Time>2026-03-22T19:44:49.000Z</Time><Position><LatitudeDegrees>24.69778823852539</LatitudeDegrees><LongitudeDegrees>120.89788818359375</LongitudeDegrees></Position></Trackpoint><Trackpoint><Time>2026-03-22T19:44:50.000Z</Time><Position><LatitudeDegrees>24.697799682617188</LatitudeDegrees><LongitudeDegrees>120.89786529541016</LongitudeDegrees></Position></Trackpoint><Trackpoint><Time>2026-03-22T19:44:51.000Z</Time><Position><LatitudeDegrees>24.697811126708984</LatitudeDegrees><LongitudeDegrees>120.89784240722656</LongitudeDegrees></Position></Trackpoint><Trackpoint><Time>2026-03-22T19:44:52.000Z</Time><Position><LatitudeDegrees>24.69782066345215</LatitudeDegrees><LongitudeDegrees>120.89781951904297</LongitudeDegrees></Position></Trackpoint><Trackpoint><Time>2026-03-22T19:44:53.000Z</Time><Position><LatitudeDegrees>24.697830200195312</LatitudeDegrees><LongitudeDegrees>120.89779663085938</LongitudeDegrees></Position></Trackpoint><Trackpoint><Time>2026-03-22T19:44:54.000Z</Time><Position><LatitudeDegrees>24.69784164428711</LatitudeDegrees><LongitudeDegrees>120.89776611328125</LongitudeDegrees></Position></Trackpoint><Trackpoint><Time>2026-03-22T19:44:55.000Z</Time><Position><LatitudeDegrees>24.697853088378906</LatitudeDegrees><LongitudeDegrees>120.89774322509766</LongitudeDegrees></Position></Trackpoint><Trackpoint><Time>2026-03-22T19:44:56.000Z</Time><Position><LatitudeDegrees>24.69786262512207</LatitudeDegrees><LongitudeDegrees>120.89772033691406</LongitudeDegrees></Position></Trackpoint><Trackpoint><Time>2026-03-22T19:44:57.000Z</Time><Position><LatitudeDegrees>24.6978702545166</LatitudeDegrees><LongitudeDegrees>120.89768981933594</LongitudeDegrees></Position></Trackpoint><Trackpoint><Time>2026-03-22T19:44:58.000Z</Time><Position><LatitudeDegrees>24.69788360595703</LatitudeDegrees><LongitudeDegrees>120.89766693115234</LongitudeDegrees></Position></Trackpoint><Trackpoint><Time>2026-03-22T19:44:59.000Z</Time><Position><LatitudeDegrees>24.69789695739746</LatitudeDegrees><LongitudeDegrees>120.89763641357422</LongitudeDegrees></Position></Trackpoint><Trackpoint><Time>2026-03-22T19:45:00.000Z</Time><Position><LatitudeDegrees>24.697912216186523</LatitudeDegrees><LongitudeDegrees>120.8976058959961</LongitudeDegrees></Position></Trackpoint><Trackpoint><Time>2026-03-22T19:45:01.000Z</Time><Position><LatitudeDegrees>24.69793128967285</LatitudeDegrees><LongitudeDegrees>120.89759063720703</LongitudeDegrees></Position></Trackpoint><Trackpoint><Time>2026-03-22T19:45:02.000Z</Time><Position><LatitudeDegrees>24.69794464111328</LatitudeDegrees><LongitudeDegrees>120.8975601196289</LongitudeDegrees></Position></Trackpoint><Trackpoint><Time>2026-03-22T19:45:03.000Z</Time><Position><LatitudeDegrees>24.69795799255371</LatitudeDegrees><LongitudeDegrees>120.89753723144531</LongitudeDegrees></Position></Trackpoint><Trackpoint><Time>2026-03-22T19:45:04.000Z</Time><Position><LatitudeDegrees>24.697967529296875</LatitudeDegrees><LongitudeDegrees>120.89750671386719</LongitudeDegrees></Position></Trackpoint><Trackpoint><Time>2026-03-22T19:45:05.000Z</Time><Position><LatitudeDegrees>24.697980880737305</LatitudeDegrees><LongitudeDegrees>120.8974838256836</LongitudeDegrees></Position></Trackpoint><Trackpoint><Time>2026-03-22T19:45:06.000Z</Time><Position><LatitudeDegrees>24.69799041748047</LatitudeDegrees><LongitudeDegrees>120.8974609375</LongitudeDegrees></Position></Trackpoint><Trackpoint><Time>2026-03-22T19:45:07.000Z</Time><Position><LatitudeDegrees>24.69798469543457</LatitudeDegrees><LongitudeDegrees>120.89743041992188</LongitudeDegrees></Position></Trackpoint><Trackpoint><Time>2026-03-22T19:45:08.000Z</Time><Position><LatitudeDegrees>24.697967529296875</LatitudeDegrees><LongitudeDegrees>120.89740753173828</LongitudeDegrees></Position></Trackpoint><Trackpoint><Time>2026-03-22T19:45:09.000Z</Time><Position><LatitudeDegrees>24.697940826416016</LatitudeDegrees><LongitudeDegrees>120.89739227294922</LongitudeDegrees></Position></Trackpoint><Trackpoint><Time>2026-03-22T19:45:10.000Z</Time><Position><LatitudeDegrees>24.697919845581055</LatitudeDegrees><LongitudeDegrees>120.89737701416016</LongitudeDegrees></Position></Trackpoint><Trackpoint><Time>2026-03-22T19:45:11.000Z</Time><Position><LatitudeDegrees>24.69789695739746</LatitudeDegrees><LongitudeDegrees>120.89735412597656</LongitudeDegrees></Position></Trackpoint><Trackpoint><Time>2026-03-22T19:45:12.000Z</Time><Position><LatitudeDegrees>24.697877883911133</LatitudeDegrees><LongitudeDegrees>120.89734649658203</LongitudeDegrees></Position></Trackpoint><Trackpoint><Time>2026-03-22T19:45:13.000Z</Time><Position><LatitudeDegrees>24.697858810424805</LatitudeDegrees><LongitudeDegrees>120.89733123779297</LongitudeDegrees></Position></Trackpoint><Trackpoint><Time>2026-03-22T19:45:14.000Z</Time><Position><LatitudeDegrees>24.697837829589844</LatitudeDegrees><LongitudeDegrees>120.89732360839844</LongitudeDegrees></Position></Trackpoint><Trackpoint><Time>2026-03-22T19:45:15.000Z</Time><Position><LatitudeDegrees>24.697816848754883</LatitudeDegrees><LongitudeDegrees>120.89730834960938</LongitudeDegrees></Position></Trackpoint><Trackpoint><Time>2026-03-22T19:45:16.000Z</Time><Position><LatitudeDegrees>24.69779396057129</LatitudeDegrees><LongitudeDegrees>120.89730072021484</LongitudeDegrees></Position></Trackpoint><Trackpoint><Time>2026-03-22T19:45:17.000Z</Time><Position><LatitudeDegrees>24.697771072387695</LatitudeDegrees><LongitudeDegrees>120.89729309082031</LongitudeDegrees></Position></Trackpoint><Trackpoint><Time>2026-03-22T19:45:18.000Z</Time><Position><LatitudeDegrees>24.6977481842041</LatitudeDegrees><LongitudeDegrees>120.89728546142578</LongitudeDegrees></Position></Trackpoint><Trackpoint><Time>2026-03-22T19:45:19.000Z</Time><Position><LatitudeDegrees>24.697725296020508</LatitudeDegrees><LongitudeDegrees>120.89727020263672</LongitudeDegrees></Position></Trackpoint><Trackpoint><Time>2026-03-22T19:45:20.000Z</Time><Position><LatitudeDegrees>24.697702407836914</LatitudeDegrees><LongitudeDegrees>120.89725494384766</LongitudeDegrees></Position></Trackpoint><Trackpoint><Time>2026-03-22T19:45:21.000Z</Time><Position><LatitudeDegrees>24.697681427001953</LatitudeDegrees><LongitudeDegrees>120.89724731445312</LongitudeDegrees></Position></Trackpoint><Trackpoint><Time>2026-03-22T19:45:22.000Z</Time><Position><LatitudeDegrees>24.69765853881836</LatitudeDegrees><LongitudeDegrees>120.89723205566406</LongitudeDegrees></Position></Trackpoint><Trackpoint><Time>2026-03-22T19:45:23.000Z</Time><Position><LatitudeDegrees>24.697635650634766</LatitudeDegrees><LongitudeDegrees>120.89722442626953</LongitudeDegrees></Position></Trackpoint><Trackpoint><Time>2026-03-22T19:45:24.000Z</Time><Position><LatitudeDegrees>24.697612762451172</LatitudeDegrees><LongitudeDegrees>120.897216796875</LongitudeDegrees></Position></Trackpoint><Trackpoint><Time>2026-03-22T19:45:25.000Z</Time><Position><LatitudeDegrees>24.697593688964844</LatitudeDegrees><LongitudeDegrees>120.89720153808594</LongitudeDegrees></Position></Trackpoint><Trackpoint><Time>2026-03-22T19:45:26.000Z</Time><Position><LatitudeDegrees>24.69757080078125</LatitudeDegrees><LongitudeDegrees>120.8971939086914</LongitudeDegrees></Position></Trackpoint><Trackpoint><Time>2026-03-22T19:45:27.000Z</Time><Position><LatitudeDegrees>24.69754981994629</LatitudeDegrees><LongitudeDegrees>120.89717864990234</LongitudeDegrees></Position></Trackpoint><Trackpoint><Time>2026-03-22T19:45:28.000Z</Time><Position><LatitudeDegrees>24.697526931762695</LatitudeDegrees><LongitudeDegrees>120.89717102050781</LongitudeDegrees></Position></Trackpoint><Trackpoint><Time>2026-03-22T19:45:29.000Z</Time><Position><LatitudeDegrees>24.6975040435791</LatitudeDegrees><LongitudeDegrees>120.89716339111328</LongitudeDegrees></Position></Trackpoint><Trackpoint><Time>2026-03-22T19:45:30.000Z</Time><Position><LatitudeDegrees>24.697481155395508</LatitudeDegrees><LongitudeDegrees>120.89715576171875</LongitudeDegrees></Position></Trackpoint><Trackpoint><Time>2026-03-22T19:45:31.000Z</Time><Position><LatitudeDegrees>24.697458267211914</LatitudeDegrees><LongitudeDegrees>120.89714813232422</LongitudeDegrees></Position></Trackpoint><Trackpoint><Time>2026-03-22T19:45:32.000Z</Time><Position><LatitudeDegrees>24.69743537902832</LatitudeDegrees><LongitudeDegrees>120.89714050292969</LongitudeDegrees></Position></Trackpoint><Trackpoint><Time>2026-03-22T19:45:33.000Z</Time><Position><LatitudeDegrees>24.697412490844727</LatitudeDegrees><LongitudeDegrees>120.89712524414062</LongitudeDegrees></Position></Trackpoint><Trackpoint><Time>2026-03-22T19:45:34.000Z</Time><Position><LatitudeDegrees>24.697391510009766</LatitudeDegrees><LongitudeDegrees>120.8971176147461</LongitudeDegrees></Position></Trackpoint><Trackpoint><Time>2026-03-22T19:45:35.000Z</Time><Position><LatitudeDegrees>24.697378158569336</LatitudeDegrees><LongitudeDegrees>120.8970947265625</LongitudeDegrees></Position></Trackpoint><Trackpoint><Time>2026-03-22T19:45:36.000Z</Time><Position><LatitudeDegrees>24.697357177734375</LatitudeDegrees><LongitudeDegrees>120.89708709716797</LongitudeDegrees></Position></Trackpoint><Trackpoint><Time>2026-03-22T19:45:37.000Z</Time><Position><LatitudeDegrees>24.69733428955078</LatitudeDegrees><LongitudeDegrees>120.89707946777344</LongitudeDegrees></Position></Trackpoint><Trackpoint><Time>2026-03-22T19:45:38.000Z</Time><Position><LatitudeDegrees>24.697311401367188</LatitudeDegrees><LongitudeDegrees>120.89706420898438</LongitudeDegrees></Position></Trackpoint><Trackpoint><Time>2026-03-22T19:45:39.000Z</Time><Position><LatitudeDegrees>24.697288513183594</LatitudeDegrees><LongitudeDegrees>120.89705657958984</LongitudeDegrees></Position></Trackpoint><Trackpoint><Time>2026-03-22T19:45:40.000Z</Time><Position><LatitudeDegrees>24.697267532348633</LatitudeDegrees><LongitudeDegrees>120.89704132080078</LongitudeDegrees></Position></Trackpoint><Trackpoint><Time>2026-03-22T19:45:41.000Z</Time><Position><LatitudeDegrees>24.69724464416504</LatitudeDegrees><LongitudeDegrees>120.89703369140625</LongitudeDegrees></Position></Trackpoint><Trackpoint><Time>2026-03-22T19:45:42.000Z</Time><Position><LatitudeDegrees>24.697221755981445</LatitudeDegrees><LongitudeDegrees>120.89702606201172</LongitudeDegrees></Position></Trackpoint><Trackpoint><Time>2026-03-22T19:45:43.000Z</Time><Position><LatitudeDegrees>24.69719696044922</LatitudeDegrees><LongitudeDegrees>120.89701843261719</LongitudeDegrees></Position></Trackpoint><Trackpoint><Time>2026-03-22T19:45:44.000Z</Time><Position><LatitudeDegrees>24.697175979614258</LatitudeDegrees><LongitudeDegrees>120.89701080322266</LongitudeDegrees></Position></Trackpoint><Trackpoint><Time>2026-03-22T19:45:45.000Z</Time><Position><LatitudeDegrees>24.697154998779297</LatitudeDegrees><LongitudeDegrees>120.8969955444336</LongitudeDegrees></Position></Trackpoint><Trackpoint><Time>2026-03-22T19:45:46.000Z</Time><Position><LatitudeDegrees>24.697134017944336</LatitudeDegrees><LongitudeDegrees>120.89698791503906</LongitudeDegrees></Position></Trackpoint><Trackpoint><Time>2026-03-22T19:45:47.000Z</Time><Position><LatitudeDegrees>24.697111129760742</LatitudeDegrees><LongitudeDegrees>120.89698028564453</LongitudeDegrees></Position></Trackpoint><Trackpoint><Time>2026-03-22T19:45:48.000Z</Time><Position><LatitudeDegrees>24.697092056274414</LatitudeDegrees><LongitudeDegrees>120.89697265625</LongitudeDegrees></Position></Trackpoint><Trackpoint><Time>2026-03-22T19:45:49.000Z</Time><Position><LatitudeDegrees>24.697072982788086</LatitudeDegrees><LongitudeDegrees>120.89695739746094</LongitudeDegrees></Position></Trackpoint><Trackpoint><Time>2026-03-22T19:45:50.000Z</Time><Position><LatitudeDegrees>24.697053909301758</LatitudeDegrees><LongitudeDegrees>120.8969497680664</LongitudeDegrees></Position></Trackpoint><Trackpoint><Time>2026-03-22T19:45:51.000Z</Time><Position><LatitudeDegrees>24.697032928466797</LatitudeDegrees><LongitudeDegrees>120.89694213867188</LongitudeDegrees></Position></Trackpoint><Trackpoint><Time>2026-03-22T19:45:52.000Z</Time><Position><LatitudeDegrees>24.69701385498047</LatitudeDegrees><LongitudeDegrees>120.89692687988281</LongitudeDegrees></Position></Trackpoint><Trackpoint><Time>2026-03-22T19:45:53.000Z</Time><Position><LatitudeDegrees>24.69700050354004</LatitudeDegrees><LongitudeDegrees>120.89690399169922</LongitudeDegrees></Position></Trackpoint><Trackpoint><Time>2026-03-22T19:45:54.000Z</Time><Position><LatitudeDegrees>24.696998596191406</LatitudeDegrees><LongitudeDegrees>120.89688873291016</LongitudeDegrees></Position></Trackpoint><Trackpoint><Time>2026-03-22T19:45:55.000Z</Time><Position><LatitudeDegrees>24.697006225585938</LatitudeDegrees><LongitudeDegrees>120.89686584472656</LongitudeDegrees></Position></Trackpoint><Trackpoint><Time>2026-03-22T19:45:56.000Z</Time><Position><LatitudeDegrees>24.697004318237305</LatitudeDegrees><LongitudeDegrees>120.89684295654297</LongitudeDegrees></Position></Trackpoint><Trackpoint><Time>2026-03-22T19:45:57.000Z</Time><Position><LatitudeDegrees>24.696998596191406</LatitudeDegrees><LongitudeDegrees>120.89682006835938</LongitudeDegrees></Position></Trackpoint><Trackpoint><Time>2026-03-22T19:45:58.000Z</Time><Position><LatitudeDegrees>24.696990966796875</LatitudeDegrees><LongitudeDegrees>120.89678955078125</LongitudeDegrees></Position></Trackpoint><Trackpoint><Time>2026-03-22T19:45:59.000Z</Time><Position><LatitudeDegrees>24.696985244750977</LatitudeDegrees><LongitudeDegrees>120.89676666259766</LongitudeDegrees></Position></Trackpoint><Trackpoint><Time>2026-03-22T19:46:00.000Z</Time><Position><LatitudeDegrees>24.696977615356445</LatitudeDegrees><LongitudeDegrees>120.89674377441406</LongitudeDegrees></Position></Trackpoint><Trackpoint><Time>2026-03-22T19:46:01.000Z</Time><Position><LatitudeDegrees>24.69697380065918</LatitudeDegrees><LongitudeDegrees>120.89672088623047</LongitudeDegrees></Position></Trackpoint><Trackpoint><Time>2026-03-22T19:46:02.000Z</Time><Position><LatitudeDegrees>24.696971893310547</LatitudeDegrees><LongitudeDegrees>120.89669799804688</LongitudeDegrees></Position></Trackpoint><Trackpoint><Time>2026-03-22T19:46:03.000Z</Time><Position><LatitudeDegrees>24.696977615356445</LatitudeDegrees><LongitudeDegrees>120.89667510986328</LongitudeDegrees></Position></Trackpoint><Trackpoint><Time>2026-03-22T19:46:04.000Z</Time><Position><LatitudeDegrees>24.69698143005371</LatitudeDegrees><LongitudeDegrees>120.89665222167969</LongitudeDegrees></Position></Trackpoint><Trackpoint><Time>2026-03-22T19:46:05.000Z</Time><Position><LatitudeDegrees>24.69698143005371</LatitudeDegrees><LongitudeDegrees>120.89662170410156</LongitudeDegrees></Position></Trackpoint><Trackpoint><Time>2026-03-22T19:46:06.000Z</Time><Position><LatitudeDegrees>24.696992874145508</LatitudeDegrees><LongitudeDegrees>120.89659881591797</LongitudeDegrees></Position></Trackpoint><Trackpoint><Time>2026-03-22T19:46:07.000Z</Time><Position><LatitudeDegrees>24.697006225585938</LatitudeDegrees><LongitudeDegrees>120.89657592773438</LongitudeDegrees></Position></Trackpoint><Trackpoint><Time>2026-03-22T19:46:08.000Z</Time><Position><LatitudeDegrees>24.697021484375</LatitudeDegrees><LongitudeDegrees>120.89655303955078</LongitudeDegrees></Position></Trackpoint><Trackpoint><Time>2026-03-22T19:46:09.000Z</Time><Position><LatitudeDegrees>24.697032928466797</LatitudeDegrees><LongitudeDegrees>120.89653015136719</LongitudeDegrees></Position></Trackpoint><Trackpoint><Time>2026-03-22T19:46:10.000Z</Time><Position><LatitudeDegrees>24.697044372558594</LatitudeDegrees><LongitudeDegrees>120.8965072631836</LongitudeDegrees></Position></Trackpoint><Trackpoint><Time>2026-03-22T19:46:11.000Z</Time><Position><LatitudeDegrees>24.69705581665039</LatitudeDegrees><LongitudeDegrees>120.896484375</LongitudeDegrees></Position></Trackpoint><Trackpoint><Time>2026-03-22T19:46:12.000Z</Time><Position><LatitudeDegrees>24.69706916809082</LatitudeDegrees><LongitudeDegrees>120.89646911621094</LongitudeDegrees></Position></Trackpoint><Trackpoint><Time>2026-03-22T19:46:13.000Z</Time><Position><LatitudeDegrees>24.697080612182617</LatitudeDegrees><LongitudeDegrees>120.89644622802734</LongitudeDegrees></Position></Trackpoint><Trackpoint><Time>2026-03-22T19:46:14.000Z</Time><Position><LatitudeDegrees>24.69709587097168</LatitudeDegrees><LongitudeDegrees>120.89643096923828</LongitudeDegrees></Position></Trackpoint><Trackpoint><Time>2026-03-22T19:46:15.000Z</Time><Position><LatitudeDegrees>24.697105407714844</LatitudeDegrees><LongitudeDegrees>120.89641571044922</LongitudeDegrees></Position></Trackpoint><Trackpoint><Time>2026-03-22T19:46:16.000Z</Time><Position><LatitudeDegrees>24.697113037109375</LatitudeDegrees><LongitudeDegrees>120.89640045166016</LongitudeDegrees></Position></Trackpoint><Trackpoint><Time>2026-03-22T19:46:17.000Z</Time><Position><LatitudeDegrees>24.697120666503906</LatitudeDegrees><LongitudeDegrees>120.89639282226562</LongitudeDegrees></Position></Trackpoint><Trackpoint><Time>2026-03-22T19:46:18.000Z</Time><Position><LatitudeDegrees>24.697128295898438</LatitudeDegrees><LongitudeDegrees>120.8963851928711</LongitudeDegrees></Position></Trackpoint><Trackpoint><Time>2026-03-22T19:46:19.000Z</Time><Position><LatitudeDegrees>24.697134017944336</LatitudeDegrees><LongitudeDegrees>120.89636993408203</LongitudeDegrees></Position></Trackpoint><Trackpoint><Time>2026-03-22T19:46:20.000Z</Time><Position><LatitudeDegrees>24.697139739990234</LatitudeDegrees><LongitudeDegrees>120.8963623046875</LongitudeDegrees></Position></Trackpoint><Trackpoint><Time>2026-03-22T19:46:21.000Z</Time><Position><LatitudeDegrees>24.6971435546875</LatitudeDegrees><LongitudeDegrees>120.89634704589844</LongitudeDegrees></Position></Trackpoint><Trackpoint><Time>2026-03-22T19:46:22.000Z</Time><Position><LatitudeDegrees>24.6971435546875</LatitudeDegrees><LongitudeDegrees>120.8963394165039</LongitudeDegrees></Position></Trackpoint><Trackpoint><Time>2026-03-22T19:46:23.000Z</Time><Position><LatitudeDegrees>24.697139739990234</LatitudeDegrees><LongitudeDegrees>120.89632415771484</LongitudeDegrees></Position></Trackpoint><Trackpoint><Time>2026-03-22T19:46:24.000Z</Time><Position><LatitudeDegrees>24.697132110595703</LatitudeDegrees><LongitudeDegrees>120.89631652832031</LongitudeDegrees></Position></Trackpoint><Trackpoint><Time>2026-03-22T19:46:25.000Z</Time><Position><LatitudeDegrees>24.69712257385254</LatitudeDegrees><LongitudeDegrees>120.89630889892578</LongitudeDegrees></Position></Trackpoint><Trackpoint><Time>2026-03-22T19:46:26.000Z</Time><Position><LatitudeDegrees>24.697114944458008</LatitudeDegrees><LongitudeDegrees>120.89629364013672</LongitudeDegrees></Position></Trackpoint><Trackpoint><Time>2026-03-22T19:46:27.000Z</Time><Position><LatitudeDegrees>24.697113037109375</LatitudeDegrees><LongitudeDegrees>120.89627838134766</LongitudeDegrees></Position></Trackpoint><Trackpoint><Time>2026-03-22T19:46:28.000Z</Time><Position><LatitudeDegrees>24.69711685180664</LatitudeDegrees><LongitudeDegrees>120.8962631225586</LongitudeDegrees></Position></Trackpoint><Trackpoint><Time>2026-03-22T19:46:29.000Z</Time><Position><LatitudeDegrees>24.69711685180664</LatitudeDegrees><LongitudeDegrees>120.89624786376953</LongitudeDegrees></Position></Trackpoint><Trackpoint><Time>2026-03-22T19:46:30.000Z</Time><Position><LatitudeDegrees>24.697118759155273</LatitudeDegrees><LongitudeDegrees>120.89623260498047</LongitudeDegrees></Position></Trackpoint><Trackpoint><Time>2026-03-22T19:46:31.000Z</Time><Position><LatitudeDegrees>24.697120666503906</LatitudeDegrees><LongitudeDegrees>120.8962173461914</LongitudeDegrees></Position></Trackpoint><Trackpoint><Time>2026-03-22T19:46:32.000Z</Time><Position><LatitudeDegrees>24.697120666503906</LatitudeDegrees><LongitudeDegrees>120.89620208740234</LongitudeDegrees></Position></Trackpoint><Trackpoint><Time>2026-03-22T19:46:33.000Z</Time><Position><LatitudeDegrees>24.69712257385254</LatitudeDegrees><LongitudeDegrees>120.89618682861328</LongitudeDegrees></Position></Trackpoint><Trackpoint><Time>2026-03-22T19:46:34.000Z</Time><Position><LatitudeDegrees>24.697124481201172</LatitudeDegrees><LongitudeDegrees>120.89617919921875</LongitudeDegrees></Position></Trackpoint><Trackpoint><Time>2026-03-22T19:46:35.000Z</Time><Position><LatitudeDegrees>24.69713020324707</LatitudeDegrees><LongitudeDegrees>120.89616394042969</LongitudeDegrees></Position></Trackpoint><Trackpoint><Time>2026-03-22T19:46:36.000Z</Time><Position><LatitudeDegrees>24.6971378326416</LatitudeDegrees><LongitudeDegrees>120.89615631103516</LongitudeDegrees></Position></Trackpoint><Trackpoint><Time>2026-03-22T19:46:37.000Z</Time><Position><LatitudeDegrees>24.697145462036133</LatitudeDegrees><LongitudeDegrees>120.89614868164062</LongitudeDegrees></Position></Trackpoint><Trackpoint><Time>2026-03-22T19:46:38.000Z</Time><Position><LatitudeDegrees>24.6971492767334</LatitudeDegrees><LongitudeDegrees>120.8961410522461</LongitudeDegrees></Position></Trackpoint><Trackpoint><Time>2026-03-22T19:46:39.000Z</Time><Position><LatitudeDegrees>24.69715690612793</LatitudeDegrees><LongitudeDegrees>120.89612579345703</LongitudeDegrees></Position></Trackpoint><Trackpoint><Time>2026-03-22T19:46:40.000Z</Time><Position><LatitudeDegrees>24.697162628173828</LatitudeDegrees><LongitudeDegrees>120.8961181640625</LongitudeDegrees></Position></Trackpoint><Trackpoint><Time>2026-03-22T19:46:41.000Z</Time><Position><LatitudeDegrees>24.69717025756836</LatitudeDegrees><LongitudeDegrees>120.89610290527344</LongitudeDegrees></Position></Trackpoint><Trackpoint><Time>2026-03-22T19:46:42.000Z</Time><Position><LatitudeDegrees>24.697174072265625</LatitudeDegrees><LongitudeDegrees>120.8960952758789</LongitudeDegrees></Position></Trackpoint><Trackpoint><Time>2026-03-22T19:46:43.000Z</Time><Position><LatitudeDegrees>24.697179794311523</LatitudeDegrees><LongitudeDegrees>120.89608001708984</LongitudeDegrees></Position></Trackpoint><Trackpoint><Time>2026-03-22T19:46:44.000Z</Time><Position><LatitudeDegrees>24.697187423706055</LatitudeDegrees><LongitudeDegrees>120.89607238769531</LongitudeDegrees></Position></Trackpoint><Trackpoint><Time>2026-03-22T19:46:45.000Z</Time><Position><LatitudeDegrees>24.69719123840332</LatitudeDegrees><LongitudeDegrees>120.89605712890625</LongitudeDegrees></Position></Trackpoint><Trackpoint><Time>2026-03-22T19:46:46.000Z</Time><Position><LatitudeDegrees>24.69719886779785</LatitudeDegrees><LongitudeDegrees>120.89604949951172</LongitudeDegrees></Position></Trackpoint><Trackpoint><Time>2026-03-22T19:46:47.000Z</Time><Position><LatitudeDegrees>24.69720458984375</LatitudeDegrees><LongitudeDegrees>120.89603424072266</LongitudeDegrees></Position></Trackpoint><Trackpoint><Time>2026-03-22T19:46:48.000Z</Time><Position><LatitudeDegrees>24.697216033935547</LatitudeDegrees><LongitudeDegrees>120.89602661132812</LongitudeDegrees></Position></Trackpoint><Trackpoint><Time>2026-03-22T19:46:49.000Z</Time><Position><LatitudeDegrees>24.697221755981445</LatitudeDegrees><LongitudeDegrees>120.89601135253906</LongitudeDegrees></Position></Trackpoint><Trackpoint><Time>2026-03-22T19:46:50.000Z</Time><Position><LatitudeDegrees>24.697223663330078</LatitudeDegrees><LongitudeDegrees>120.89599609375</LongitudeDegrees></Position></Trackpoint><Trackpoint><Time>2026-03-22T19:46:51.000Z</Time><Position><LatitudeDegrees>24.69723129272461</LatitudeDegrees><LongitudeDegrees>120.89598083496094</LongitudeDegrees></Position></Trackpoint><Trackpoint><Time>2026-03-22T19:46:52.000Z</Time><Position><LatitudeDegrees>24.69723892211914</LatitudeDegrees><LongitudeDegrees>120.89596557617188</LongitudeDegrees></Position></Trackpoint><Trackpoint><Time>2026-03-22T19:46:53.000Z</Time><Position><LatitudeDegrees>24.697246551513672</LatitudeDegrees><LongitudeDegrees>120.89595794677734</LongitudeDegrees></Position></Trackpoint><Trackpoint><Time>2026-03-22T19:46:54.000Z</Time><Position><LatitudeDegrees>24.697254180908203</LatitudeDegrees><LongitudeDegrees>120.89594268798828</LongitudeDegrees></Position></Trackpoint><Trackpoint><Time>2026-03-22T19:46:55.000Z</Time><Position><LatitudeDegrees>24.6972599029541</LatitudeDegrees><LongitudeDegrees>120.89592742919922</LongitudeDegrees></Position></Trackpoint><Trackpoint><Time>2026-03-22T19:46:56.000Z</Time><Position><LatitudeDegrees>24.697277069091797</LatitudeDegrees><LongitudeDegrees>120.89591979980469</LongitudeDegrees></Position></Trackpoint><Trackpoint><Time>2026-03-22T19:46:57.000Z</Time><Position><LatitudeDegrees>24.69728660583496</LatitudeDegrees><LongitudeDegrees>120.89591217041016</LongitudeDegrees></Position></Trackpoint><Trackpoint><Time>2026-03-22T19:46:58.000Z</Time><Position><LatitudeDegrees>24.697296142578125</LatitudeDegrees><LongitudeDegrees>120.89590454101562</LongitudeDegrees></Position></Trackpoint><Trackpoint><Time>2026-03-22T19:46:59.000Z</Time><Position><LatitudeDegrees>24.69730567932129</LatitudeDegrees><LongitudeDegrees>120.89588928222656</LongitudeDegrees></Position></Trackpoint><Trackpoint><Time>2026-03-22T19:47:00.000Z</Time><Position><LatitudeDegrees>24.69731330871582</LatitudeDegrees><LongitudeDegrees>120.89588165283203</LongitudeDegrees></Position></Trackpoint><Trackpoint><Time>2026-03-22T19:47:01.000Z</Time><Position><LatitudeDegrees>24.69732093811035</LatitudeDegrees><LongitudeDegrees>120.8958740234375</LongitudeDegrees></Position></Trackpoint><Trackpoint><Time>2026-03-22T19:47:02.000Z</Time><Position><LatitudeDegrees>24.69732666015625</LatitudeDegrees><LongitudeDegrees>120.89585876464844</LongitudeDegrees></Position></Trackpoint><Trackpoint><Time>2026-03-22T19:47:03.000Z</Time><Position><LatitudeDegrees>24.69733238220215</LatitudeDegrees><LongitudeDegrees>120.8958511352539</LongitudeDegrees></Position></Trackpoint><Trackpoint><Time>2026-03-22T19:47:04.000Z</Time><Position><LatitudeDegrees>24.697338104248047</LatitudeDegrees><LongitudeDegrees>120.89583587646484</LongitudeDegrees></Position></Trackpoint><Trackpoint><Time>2026-03-22T19:47:05.000Z</Time><Position><LatitudeDegrees>24.697343826293945</LatitudeDegrees><LongitudeDegrees>120.89582824707031</LongitudeDegrees></Position></Trackpoint><Trackpoint><Time>2026-03-22T19:47:06.000Z</Time><Position><LatitudeDegrees>24.697349548339844</LatitudeDegrees><LongitudeDegrees>120.89582061767578</LongitudeDegrees></Position></Trackpoint><Trackpoint><Time>2026-03-22T19:47:07.000Z</Time><Position><LatitudeDegrees>24.69735336303711</LatitudeDegrees><LongitudeDegrees>120.89580535888672</LongitudeDegrees></Position></Trackpoint><Trackpoint><Time>2026-03-22T19:47:08.000Z</Time><Position><LatitudeDegrees>24.697357177734375</LatitudeDegrees><LongitudeDegrees>120.89579772949219</LongitudeDegrees></Position></Trackpoint><Trackpoint><Time>2026-03-22T19:47:09.000Z</Time><Position><LatitudeDegrees>24.69736099243164</LatitudeDegrees><LongitudeDegrees>120.89578247070312</LongitudeDegrees></Position></Trackpoint><Trackpoint><Time>2026-03-22T19:47:10.000Z</Time><Position><LatitudeDegrees>24.69736099243164</LatitudeDegrees><LongitudeDegrees>120.8957748413086</LongitudeDegrees></Position></Trackpoint><Trackpoint><Time>2026-03-22T19:47:11.000Z</Time><Position><LatitudeDegrees>24.697364807128906</LatitudeDegrees><LongitudeDegrees>120.89575958251953</LongitudeDegrees></Position></Trackpoint><Trackpoint><Time>2026-03-22T19:47:12.000Z</Time><Position><LatitudeDegrees>24.697368621826172</LatitudeDegrees><LongitudeDegrees>120.89574432373047</LongitudeDegrees></Position></Trackpoint><Trackpoint><Time>2026-03-22T19:47:13.000Z</Time><Position><LatitudeDegrees>24.697368621826172</LatitudeDegrees><LongitudeDegrees>120.8957290649414</LongitudeDegrees></Position></Trackpoint><Trackpoint><Time>2026-03-22T19:47:14.000Z</Time><Position><LatitudeDegrees>24.697362899780273</LatitudeDegrees><LongitudeDegrees>120.89572143554688</LongitudeDegrees></Position></Trackpoint><Trackpoint><Time>2026-03-22T19:47:15.000Z</Time><Position><LatitudeDegrees>24.697357177734375</LatitudeDegrees><LongitudeDegrees>120.89570617675781</LongitudeDegrees></Position></Trackpoint><Trackpoint><Time>2026-03-22T19:47:16.000Z</Time><Position><LatitudeDegrees>24.697345733642578</LatitudeDegrees><LongitudeDegrees>120.89569091796875</LongitudeDegrees></Position></Trackpoint><Trackpoint><Time>2026-03-22T19:47:17.000Z</Time><Position><LatitudeDegrees>24.69733238220215</LatitudeDegrees><LongitudeDegrees>120.89567565917969</LongitudeDegrees></Position></Trackpoint><Trackpoint><Time>2026-03-22T19:47:18.000Z</Time><Position><LatitudeDegrees>24.69732093811035</LatitudeDegrees><LongitudeDegrees>120.89566802978516</LongitudeDegrees></Position></Trackpoint><Trackpoint><Time>2026-03-22T19:47:19.000Z</Time><Position><LatitudeDegrees>24.697311401367188</LatitudeDegrees><LongitudeDegrees>120.89566040039062</LongitudeDegrees></Position></Trackpoint><Trackpoint><Time>2026-03-22T19:47:20.000Z</Time><Position><LatitudeDegrees>24.697298049926758</LatitudeDegrees><LongitudeDegrees>120.8956527709961</LongitudeDegrees></Position></Trackpoint><Trackpoint><Time>2026-03-22T19:47:21.000Z</Time><Position><LatitudeDegrees>24.697284698486328</LatitudeDegrees><LongitudeDegrees>120.89564514160156</LongitudeDegrees></Position></Trackpoint><Trackpoint><Time>2026-03-22T19:47:22.000Z</Time><Position><LatitudeDegrees>24.69727325439453</LatitudeDegrees><LongitudeDegrees>120.89563751220703</LongitudeDegrees></Position></Trackpoint><Trackpoint><Time>2026-03-22T19:47:23.000Z</Time><Position><LatitudeDegrees>24.6972599029541</LatitudeDegrees><LongitudeDegrees>120.8956298828125</LongitudeDegrees></Position></Trackpoint><Trackpoint><Time>2026-03-22T19:47:24.000Z</Time><Position><LatitudeDegrees>24.697250366210938</LatitudeDegrees><LongitudeDegrees>120.89562225341797</LongitudeDegrees></Position></Trackpoint><Trackpoint><Time>2026-03-22T19:47:25.000Z</Time><Position><LatitudeDegrees>24.697240829467773</LatitudeDegrees><LongitudeDegrees>120.8956069946289</LongitudeDegrees></Position></Trackpoint><Trackpoint><Time>2026-03-22T19:47:26.000Z</Time><Position><LatitudeDegrees>24.697229385375977</LatitudeDegrees><LongitudeDegrees>120.89559936523438</LongitudeDegrees></Position></Trackpoint><Trackpoint><Time>2026-03-22T19:47:27.000Z</Time><Position><LatitudeDegrees>24.697216033935547</LatitudeDegrees><LongitudeDegrees>120.89559173583984</LongitudeDegrees></Position></Trackpoint><Trackpoint><Time>2026-03-22T19:47:28.000Z</Time><Position><LatitudeDegrees>24.69720458984375</LatitudeDegrees><LongitudeDegrees>120.89558410644531</LongitudeDegrees></Position></Trackpoint><Trackpoint><Time>2026-03-22T19:47:29.000Z</Time><Position><LatitudeDegrees>24.697195053100586</LatitudeDegrees><LongitudeDegrees>120.89556884765625</LongitudeDegrees></Position></Trackpoint><Trackpoint><Time>2026-03-22T19:47:30.000Z</Time><Position><LatitudeDegrees>24.697187423706055</LatitudeDegrees><LongitudeDegrees>120.89556121826172</LongitudeDegrees></Position></Trackpoint><Trackpoint><Time>2026-03-22T19:47:31.000Z</Time><Position><LatitudeDegrees>24.697175979614258</LatitudeDegrees><LongitudeDegrees>120.89555358886719</LongitudeDegrees></Position></Trackpoint><Trackpoint><Time>2026-03-22T19:47:32.000Z</Time><Position><LatitudeDegrees>24.697168350219727</LatitudeDegrees><LongitudeDegrees>120.89553833007812</LongitudeDegrees></Position></Trackpoint><Trackpoint><Time>2026-03-22T19:47:33.000Z</Time><Position><LatitudeDegrees>24.69715690612793</LatitudeDegrees><LongitudeDegrees>120.89553833007812</LongitudeDegrees></Position></Trackpoint><Trackpoint><Time>2026-03-22T19:47:34.000Z</Time><Position><LatitudeDegrees>24.697147369384766</LatitudeDegrees><LongitudeDegrees>120.8955307006836</LongitudeDegrees></Position></Trackpoint><Trackpoint><Time>2026-03-22T19:47:35.000Z</Time><Position><LatitudeDegrees>24.697139739990234</LatitudeDegrees><LongitudeDegrees>120.89552307128906</LongitudeDegrees></Position></Trackpoint><Trackpoint><Time>2026-03-22T19:47:36.000Z</Time><Position><LatitudeDegrees>24.697128295898438</LatitudeDegrees><LongitudeDegrees>120.89551544189453</LongitudeDegrees></Position></Trackpoint><Trackpoint><Time>2026-03-22T19:47:37.000Z</Time><Position><LatitudeDegrees>24.69711685180664</LatitudeDegrees><LongitudeDegrees>120.8955078125</LongitudeDegrees></Position></Trackpoint><Trackpoint><Time>2026-03-22T19:47:38.000Z</Time><Position><LatitudeDegrees>24.69710350036621</LatitudeDegrees><LongitudeDegrees>120.8955078125</LongitudeDegrees></Position></Trackpoint><Trackpoint><Time>2026-03-22T19:47:39.000Z</Time><Position><LatitudeDegrees>24.69709014892578</LatitudeDegrees><LongitudeDegrees>120.89550018310547</LongitudeDegrees></Position></Trackpoint><Trackpoint><Time>2026-03-22T19:47:40.000Z</Time><Position><LatitudeDegrees>24.697078704833984</LatitudeDegrees><LongitudeDegrees>120.89549255371094</LongitudeDegrees></Position></Trackpoint><Trackpoint><Time>2026-03-22T19:47:41.000Z</Time><Position><LatitudeDegrees>24.697067260742188</LatitudeDegrees><LongitudeDegrees>120.89549255371094</LongitudeDegrees></Position></Trackpoint><Trackpoint><Time>2026-03-22T19:47:42.000Z</Time><Position><LatitudeDegrees>24.697053909301758</LatitudeDegrees><LongitudeDegrees>120.8954849243164</LongitudeDegrees></Position></Trackpoint><Trackpoint><Time>2026-03-22T19:47:43.000Z</Time><Position><LatitudeDegrees>24.69704246520996</LatitudeDegrees><LongitudeDegrees>120.8954849243164</LongitudeDegrees></Position></Trackpoint><Trackpoint><Time>2026-03-22T19:47:44.000Z</Time><Position><LatitudeDegrees>24.69702911376953</LatitudeDegrees><LongitudeDegrees>120.89547729492188</LongitudeDegrees></Position></Trackpoint><Trackpoint><Time>2026-03-22T19:47:45.000Z</Time><Position><LatitudeDegrees>24.697017669677734</LatitudeDegrees><LongitudeDegrees>120.89546966552734</LongitudeDegrees></Position></Trackpoint><Trackpoint><Time>2026-03-22T19:47:46.000Z</Time><Position><LatitudeDegrees>24.69700813293457</LatitudeDegrees><LongitudeDegrees>120.89546966552734</LongitudeDegrees></Position></Trackpoint><Trackpoint><Time>2026-03-22T19:47:47.000Z</Time><Position><LatitudeDegrees>24.696996688842773</LatitudeDegrees><LongitudeDegrees>120.89546966552734</LongitudeDegrees></Position></Trackpoint><Trackpoint><Time>2026-03-22T19:47:48.000Z</Time><Position><LatitudeDegrees>24.696985244750977</LatitudeDegrees><LongitudeDegrees>120.89546966552734</LongitudeDegrees></Position></Trackpoint><Trackpoint><Time>2026-03-22T19:47:49.000Z</Time><Position><LatitudeDegrees>24.696975708007812</LatitudeDegrees><LongitudeDegrees>120.89546203613281</LongitudeDegrees></Position></Trackpoint><Trackpoint><Time>2026-03-22T19:47:50.000Z</Time><Position><LatitudeDegrees>24.69696617126465</LatitudeDegrees><LongitudeDegrees>120.89546203613281</LongitudeDegrees></Position></Trackpoint><Trackpoint><Time>2026-03-22T19:47:51.000Z</Time><Position><LatitudeDegrees>24.69695472717285</LatitudeDegrees><LongitudeDegrees>120.89546203613281</LongitudeDegrees></Position></Trackpoint><Trackpoint><Time>2026-03-22T19:47:52.000Z</Time><Position><LatitudeDegrees>24.696945190429688</LatitudeDegrees><LongitudeDegrees>120.89546203613281</LongitudeDegrees></Position></Trackpoint><Trackpoint><Time>2026-03-22T19:47:53.000Z</Time><Position><LatitudeDegrees>24.69693374633789</LatitudeDegrees><LongitudeDegrees>120.89545440673828</LongitudeDegrees></Position></Trackpoint><Trackpoint><Time>2026-03-22T19:47:54.000Z</Time><Position><LatitudeDegrees>24.696924209594727</LatitudeDegrees><LongitudeDegrees>120.89545440673828</LongitudeDegrees></Position></Trackpoint><Trackpoint><Time>2026-03-22T19:47:55.000Z</Time><Position><LatitudeDegrees>24.69691276550293</LatitudeDegrees><LongitudeDegrees>120.89544677734375</LongitudeDegrees></Position></Trackpoint><Trackpoint><Time>2026-03-22T19:47:56.000Z</Time><Position><LatitudeDegrees>24.696901321411133</LatitudeDegrees><LongitudeDegrees>120.89544677734375</LongitudeDegrees></Position></Trackpoint><Trackpoint><Time>2026-03-22T19:47:57.000Z</Time><Position><LatitudeDegrees>24.696889877319336</LatitudeDegrees><LongitudeDegrees>120.89543914794922</LongitudeDegrees></Position></Trackpoint><Trackpoint><Time>2026-03-22T19:47:58.000Z</Time><Position><LatitudeDegrees>24.69687843322754</LatitudeDegrees><LongitudeDegrees>120.89543914794922</LongitudeDegrees></Position></Trackpoint><Trackpoint><Time>2026-03-22T19:47:59.000Z</Time><Position><LatitudeDegrees>24.696866989135742</LatitudeDegrees><LongitudeDegrees>120.89543151855469</LongitudeDegrees></Position></Trackpoint><Trackpoint><Time>2026-03-22T19:48:00.000Z</Time><Position><LatitudeDegrees>24.69685935974121</LatitudeDegrees><LongitudeDegrees>120.89542388916016</LongitudeDegrees></Position></Trackpoint><Trackpoint><Time>2026-03-22T19:48:01.000Z</Time><Position><LatitudeDegrees>24.696849822998047</LatitudeDegrees><LongitudeDegrees>120.89541625976562</LongitudeDegrees></Position></Trackpoint><Trackpoint><Time>2026-03-22T19:48:02.000Z</Time><Position><LatitudeDegrees>24.696840286254883</LatitudeDegrees><LongitudeDegrees>120.89541625976562</LongitudeDegrees></Position></Trackpoint><Trackpoint><Time>2026-03-22T19:48:03.000Z</Time><Position><LatitudeDegrees>24.69683074951172</LatitudeDegrees><LongitudeDegrees>120.8954086303711</LongitudeDegrees></Position></Trackpoint><Trackpoint><Time>2026-03-22T19:48:04.000Z</Time><Position><LatitudeDegrees>24.696823120117188</LatitudeDegrees><LongitudeDegrees>120.89540100097656</LongitudeDegrees></Position></Trackpoint><Trackpoint><Time>2026-03-22T19:48:05.000Z</Time><Position><LatitudeDegrees>24.696813583374023</LatitudeDegrees><LongitudeDegrees>120.89539337158203</LongitudeDegrees></Position></Trackpoint><Trackpoint><Time>2026-03-22T19:48:06.000Z</Time><Position><LatitudeDegrees>24.69680404663086</LatitudeDegrees><LongitudeDegrees>120.8953857421875</LongitudeDegrees></Position></Trackpoint><Trackpoint><Time>2026-03-22T19:48:07.000Z</Time><Position><LatitudeDegrees>24.696792602539062</LatitudeDegrees><LongitudeDegrees>120.89537811279297</LongitudeDegrees></Position></Trackpoint><Trackpoint><Time>2026-03-22T19:48:08.000Z</Time><Position><LatitudeDegrees>24.6967830657959</LatitudeDegrees><LongitudeDegrees>120.89537811279297</LongitudeDegrees></Position></Trackpoint><Trackpoint><Time>2026-03-22T19:48:09.000Z</Time><Position><LatitudeDegrees>24.696773529052734</LatitudeDegrees><LongitudeDegrees>120.89537048339844</LongitudeDegrees></Position></Trackpoint><Trackpoint><Time>2026-03-22T19:48:10.000Z</Time><Position><LatitudeDegrees>24.69676399230957</LatitudeDegrees><LongitudeDegrees>120.89537048339844</LongitudeDegrees></Position></Trackpoint><Trackpoint><Time>2026-03-22T19:48:11.000Z</Time><Position><LatitudeDegrees>24.69675064086914</LatitudeDegrees><LongitudeDegrees>120.89537048339844</LongitudeDegrees></Position></Trackpoint><Trackpoint><Time>2026-03-22T19:48:12.000Z</Time><Position><LatitudeDegrees>24.69674301147461</LatitudeDegrees><LongitudeDegrees>120.8953628540039</LongitudeDegrees></Position></Trackpoint><Trackpoint><Time>2026-03-22T19:48:13.000Z</Time><Position><LatitudeDegrees>24.696731567382812</LatitudeDegrees><LongitudeDegrees>120.89535522460938</LongitudeDegrees></Position></Trackpoint><Trackpoint><Time>2026-03-22T19:48:14.000Z</Time><Position><LatitudeDegrees>24.69672203063965</LatitudeDegrees><LongitudeDegrees>120.89535522460938</LongitudeDegrees></Position></Trackpoint><Trackpoint><Time>2026-03-22T19:48:15.000Z</Time><Position><LatitudeDegrees>24.69671058654785</LatitudeDegrees><LongitudeDegrees>120.89534759521484</LongitudeDegrees></Position></Trackpoint><Trackpoint><Time>2026-03-22T19:48:16.000Z</Time><Position><LatitudeDegrees>24.696699142456055</LatitudeDegrees><LongitudeDegrees>120.89533996582031</LongitudeDegrees></Position></Trackpoint><Trackpoint><Time>2026-03-22T19:48:17.000Z</Time><Position><LatitudeDegrees>24.696687698364258</LatitudeDegrees><LongitudeDegrees>120.89533996582031</LongitudeDegrees></Position></Trackpoint><Trackpoint><Time>2026-03-22T19:48:18.000Z</Time><Position><LatitudeDegrees>24.696674346923828</LatitudeDegrees><LongitudeDegrees>120.89533996582031</LongitudeDegrees></Position></Trackpoint><Trackpoint><Time>2026-03-22T19:48:19.000Z</Time><Position><LatitudeDegrees>24.69666290283203</LatitudeDegrees><LongitudeDegrees>120.89533996582031</LongitudeDegrees></Position></Trackpoint><Trackpoint><Time>2026-03-22T19:48:20.000Z</Time><Position><LatitudeDegrees>24.696651458740234</LatitudeDegrees><LongitudeDegrees>120.89533996582031</LongitudeDegrees></Position></Trackpoint><Trackpoint><Time>2026-03-22T19:48:21.000Z</Time><Position><LatitudeDegrees>24.69664192199707</LatitudeDegrees><LongitudeDegrees>120.89533233642578</LongitudeDegrees></Position></Trackpoint><Trackpoint><Time>2026-03-22T19:48:22.000Z</Time><Position><LatitudeDegrees>24.696632385253906</LatitudeDegrees><LongitudeDegrees>120.89533233642578</LongitudeDegrees></Position></Trackpoint><Trackpoint><Time>2026-03-22T19:48:23.000Z</Time><Position><LatitudeDegrees>24.696622848510742</LatitudeDegrees><LongitudeDegrees>120.89532470703125</LongitudeDegrees></Position></Trackpoint><Trackpoint><Time>2026-03-22T19:48:24.000Z</Time><Position><LatitudeDegrees>24.696613311767578</LatitudeDegrees><LongitudeDegrees>120.89532470703125</LongitudeDegrees></Position></Trackpoint><Trackpoint><Time>2026-03-22T19:48:25.000Z</Time><Position><LatitudeDegrees>24.69659996032715</LatitudeDegrees><LongitudeDegrees>120.89532470703125</LongitudeDegrees></Position></Trackpoint><Trackpoint><Time>2026-03-22T19:48:26.000Z</Time><Position><LatitudeDegrees>24.69658851623535</LatitudeDegrees><LongitudeDegrees>120.89532470703125</LongitudeDegrees></Position></Trackpoint><Trackpoint><Time>2026-03-22T19:48:27.000Z</Time><Position><LatitudeDegrees>24.69658088684082</LatitudeDegrees><LongitudeDegrees>120.89533233642578</LongitudeDegrees></Position></Trackpoint><Trackpoint><Time>2026-03-22T19:48:28.000Z</Time><Position><LatitudeDegrees>24.696571350097656</LatitudeDegrees><LongitudeDegrees>120.89532470703125</LongitudeDegrees></Position></Trackpoint><Trackpoint><Time>2026-03-22T19:48:31.000Z</Time><Position><LatitudeDegrees>24.69656753540039</LatitudeDegrees><LongitudeDegrees>120.89532470703125</LongitudeDegrees></Position></Trackpoint><Trackpoint><Time>2026-03-22T19:48:32.000Z</Time><Position><LatitudeDegrees>24.696563720703125</LatitudeDegrees><LongitudeDegrees>120.89533233642578</LongitudeDegrees></Position></Trackpoint><Trackpoint><Time>2026-03-22T19:48:33.000Z</Time><Position><LatitudeDegrees>24.69655990600586</LatitudeDegrees><LongitudeDegrees>120.89533233642578</LongitudeDegrees></Position></Trackpoint><Trackpoint><Time>2026-03-22T19:48:34.000Z</Time><Position><LatitudeDegrees>24.696557998657227</LatitudeDegrees><LongitudeDegrees>120.89533233642578</LongitudeDegrees></Position></Trackpoint><Trackpoint><Time>2026-03-22T19:48:35.000Z</Time><Position><LatitudeDegrees>24.696550369262695</LatitudeDegrees><LongitudeDegrees>120.89532470703125</LongitudeDegrees></Position></Trackpoint><Trackpoint><Time>2026-03-22T19:48:36.000Z</Time><Position><LatitudeDegrees>24.696542739868164</LatitudeDegrees><LongitudeDegrees>120.89531707763672</LongitudeDegrees></Position></Trackpoint><Trackpoint><Time>2026-03-22T19:48:37.000Z</Time><Position><LatitudeDegrees>24.696537017822266</LatitudeDegrees><LongitudeDegrees>120.89530181884766</LongitudeDegrees></Position></Trackpoint><Trackpoint><Time>2026-03-22T19:48:38.000Z</Time><Position><LatitudeDegrees>24.696531295776367</LatitudeDegrees><LongitudeDegrees>120.89529418945312</LongitudeDegrees></Position></Trackpoint><Trackpoint><Time>2026-03-22T19:48:39.000Z</Time><Position><LatitudeDegrees>24.696523666381836</LatitudeDegrees><LongitudeDegrees>120.89527893066406</LongitudeDegrees></Position></Trackpoint><Trackpoint><Time>2026-03-22T19:48:40.000Z</Time><Position><LatitudeDegrees>24.696517944335938</LatitudeDegrees><LongitudeDegrees>120.89527130126953</LongitudeDegrees></Position></Trackpoint><Trackpoint><Time>2026-03-22T19:48:41.000Z</Time><Position><LatitudeDegrees>24.69651222229004</LatitudeDegrees><LongitudeDegrees>120.89525604248047</LongitudeDegrees></Position></Trackpoint><Trackpoint><Time>2026-03-22T19:48:42.000Z</Time><Position><LatitudeDegrees>24.696508407592773</LatitudeDegrees><LongitudeDegrees>120.89524841308594</LongitudeDegrees></Position></Trackpoint><Trackpoint><Time>2026-03-22T19:48:43.000Z</Time><Position><LatitudeDegrees>24.696502685546875</LatitudeDegrees><LongitudeDegrees>120.89523315429688</LongitudeDegrees></Position></Trackpoint><Trackpoint><Time>2026-03-22T19:48:44.000Z</Time><Position><LatitudeDegrees>24.696495056152344</LatitudeDegrees><LongitudeDegrees>120.89522552490234</LongitudeDegrees></Position></Trackpoint><Trackpoint><Time>2026-03-22T19:48:45.000Z</Time><Position><LatitudeDegrees>24.696481704711914</LatitudeDegrees><LongitudeDegrees>120.89521789550781</LongitudeDegrees></Position></Trackpoint><Trackpoint><Time>2026-03-22T19:48:46.000Z</Time><Position><LatitudeDegrees>24.696470260620117</LatitudeDegrees><LongitudeDegrees>120.89521026611328</LongitudeDegrees></Position></Trackpoint><Trackpoint><Time>2026-03-22T19:48:47.000Z</Time><Position><LatitudeDegrees>24.696460723876953</LatitudeDegrees><LongitudeDegrees>120.89521026611328</LongitudeDegrees></Position></Trackpoint><Trackpoint><Time>2026-03-22T19:48:48.000Z</Time><Position><LatitudeDegrees>24.69645118713379</LatitudeDegrees><LongitudeDegrees>120.89520263671875</LongitudeDegrees></Position></Trackpoint><Trackpoint><Time>2026-03-22T19:48:49.000Z</Time><Position><LatitudeDegrees>24.696443557739258</LatitudeDegrees><LongitudeDegrees>120.89519500732422</LongitudeDegrees></Position></Trackpoint><Trackpoint><Time>2026-03-22T19:48:50.000Z</Time><Position><LatitudeDegrees>24.696434020996094</LatitudeDegrees><LongitudeDegrees>120.89518737792969</LongitudeDegrees></Position></Trackpoint><Trackpoint><Time>2026-03-22T19:48:51.000Z</Time><Position><LatitudeDegrees>24.69642448425293</LatitudeDegrees><LongitudeDegrees>120.89517974853516</LongitudeDegrees></Position></Trackpoint><Trackpoint><Time>2026-03-22T19:48:52.000Z</Time><Position><LatitudeDegrees>24.6964168548584</LatitudeDegrees><LongitudeDegrees>120.89517211914062</LongitudeDegrees></Position></Trackpoint><Trackpoint><Time>2026-03-22T19:48:53.000Z</Time><Position><LatitudeDegrees>24.6964111328125</LatitudeDegrees><LongitudeDegrees>120.89515686035156</LongitudeDegrees></Position></Trackpoint><Trackpoint><Time>2026-03-22T19:48:54.000Z</Time><Position><LatitudeDegrees>24.696399688720703</LatitudeDegrees><LongitudeDegrees>120.89515686035156</LongitudeDegrees></Position></Trackpoint><Trackpoint><Time>2026-03-22T19:48:55.000Z</Time><Position><LatitudeDegrees>24.696388244628906</LatitudeDegrees><LongitudeDegrees>120.89514923095703</LongitudeDegrees></Position></Trackpoint><Trackpoint><Time>2026-03-22T19:48:56.000Z</Time><Position><LatitudeDegrees>24.696378707885742</LatitudeDegrees><LongitudeDegrees>120.8951416015625</LongitudeDegrees></Position></Trackpoint><Trackpoint><Time>2026-03-22T19:48:57.000Z</Time><Position><LatitudeDegrees>24.696369171142578</LatitudeDegrees><LongitudeDegrees>120.8951416015625</LongitudeDegrees></Position></Trackpoint><Trackpoint><Time>2026-03-22T19:48:58.000Z</Time><Position><LatitudeDegrees>24.696359634399414</LatitudeDegrees><LongitudeDegrees>120.89513397216797</LongitudeDegrees></Position></Trackpoint><Trackpoint><Time>2026-03-22T19:48:59.000Z</Time><Position><LatitudeDegrees>24.696352005004883</LatitudeDegrees><LongitudeDegrees>120.89512634277344</LongitudeDegrees></Position></Trackpoint><Trackpoint><Time>2026-03-22T19:49:00.000Z</Time><Position><LatitudeDegrees>24.696340560913086</LatitudeDegrees><LongitudeDegrees>120.8951187133789</LongitudeDegrees></Position></Trackpoint><Trackpoint><Time>2026-03-22T19:49:01.000Z</Time><Position><LatitudeDegrees>24.696327209472656</LatitudeDegrees><LongitudeDegrees>120.8951187133789</LongitudeDegrees></Position></Trackpoint><Trackpoint><Time>2026-03-22T19:49:02.000Z</Time><Position><LatitudeDegrees>24.69631576538086</LatitudeDegrees><LongitudeDegrees>120.89511108398438</LongitudeDegrees></Position></Trackpoint><Trackpoint><Time>2026-03-22T19:49:03.000Z</Time><Position><LatitudeDegrees>24.696304321289062</LatitudeDegrees><LongitudeDegrees>120.89511108398438</LongitudeDegrees></Position></Trackpoint><Trackpoint><Time>2026-03-22T19:49:04.000Z</Time><Position><LatitudeDegrees>24.696292877197266</LatitudeDegrees><LongitudeDegrees>120.89510345458984</LongitudeDegrees></Position></Trackpoint><Trackpoint><Time>2026-03-22T19:49:05.000Z</Time><Position><LatitudeDegrees>24.696279525756836</LatitudeDegrees><LongitudeDegrees>120.89510345458984</LongitudeDegrees></Position></Trackpoint><Trackpoint><Time>2026-03-22T19:49:06.000Z</Time><Position><LatitudeDegrees>24.696266174316406</LatitudeDegrees><LongitudeDegrees>120.89509582519531</LongitudeDegrees></Position></Trackpoint><Trackpoint><Time>2026-03-22T19:49:07.000Z</Time><Position><LatitudeDegrees>24.696256637573242</LatitudeDegrees><LongitudeDegrees>120.89508819580078</LongitudeDegrees></Position></Trackpoint><Trackpoint><Time>2026-03-22T19:49:08.000Z</Time><Position><LatitudeDegrees>24.696245193481445</LatitudeDegrees><LongitudeDegrees>120.89508056640625</LongitudeDegrees></Position></Trackpoint><Trackpoint><Time>2026-03-22T19:49:09.000Z</Time><Position><LatitudeDegrees>24.69623565673828</LatitudeDegrees><LongitudeDegrees>120.89507293701172</LongitudeDegrees></Position></Trackpoint><Trackpoint><Time>2026-03-22T19:49:10.000Z</Time><Position><LatitudeDegrees>24.696226119995117</LatitudeDegrees><LongitudeDegrees>120.89507293701172</LongitudeDegrees></Position></Trackpoint><Trackpoint><Time>2026-03-22T19:49:11.000Z</Time><Position><LatitudeDegrees>24.69621467590332</LatitudeDegrees><LongitudeDegrees>120.89506530761719</LongitudeDegrees></Position></Trackpoint><Trackpoint><Time>2026-03-22T19:49:12.000Z</Time><Position><LatitudeDegrees>24.69620132446289</LatitudeDegrees><LongitudeDegrees>120.89506530761719</LongitudeDegrees></Position></Trackpoint><Trackpoint><Time>2026-03-22T19:49:13.000Z</Time><Position><LatitudeDegrees>24.69618797302246</LatitudeDegrees><LongitudeDegrees>120.89506530761719</LongitudeDegrees></Position></Trackpoint><Trackpoint><Time>2026-03-22T19:49:14.000Z</Time><Position><LatitudeDegrees>24.696176528930664</LatitudeDegrees><LongitudeDegrees>120.89506530761719</LongitudeDegrees></Position></Trackpoint><Trackpoint><Time>2026-03-22T19:49:15.000Z</Time><Position><LatitudeDegrees>24.696165084838867</LatitudeDegrees><LongitudeDegrees>120.89505767822266</LongitudeDegrees></Position></Trackpoint><Trackpoint><Time>2026-03-22T19:49:16.000Z</Time><Position><LatitudeDegrees>24.69615364074707</LatitudeDegrees><LongitudeDegrees>120.89505767822266</LongitudeDegrees></Position></Trackpoint><Trackpoint><Time>2026-03-22T19:49:17.000Z</Time><Position><LatitudeDegrees>24.696142196655273</LatitudeDegrees><LongitudeDegrees>120.89505004882812</LongitudeDegrees></Position></Trackpoint><Trackpoint><Time>2026-03-22T19:49:18.000Z</Time><Position><LatitudeDegrees>24.696130752563477</LatitudeDegrees><LongitudeDegrees>120.8950424194336</LongitudeDegrees></Position></Trackpoint><Trackpoint><Time>2026-03-22T19:49:19.000Z</Time><Position><LatitudeDegrees>24.696121215820312</LatitudeDegrees><LongitudeDegrees>120.8950424194336</LongitudeDegrees></Position></Trackpoint><Trackpoint><Time>2026-03-22T19:49:20.000Z</Time><Position><LatitudeDegrees>24.69611167907715</LatitudeDegrees><LongitudeDegrees>120.89503479003906</LongitudeDegrees></Position></Trackpoint><Trackpoint><Time>2026-03-22T19:49:21.000Z</Time><Position><LatitudeDegrees>24.696102142333984</LatitudeDegrees><LongitudeDegrees>120.89502716064453</LongitudeDegrees></Position></Trackpoint><Trackpoint><Time>2026-03-22T19:49:22.000Z</Time><Position><LatitudeDegrees>24.696090698242188</LatitudeDegrees><LongitudeDegrees>120.89501953125</LongitudeDegrees></Position></Trackpoint><Trackpoint><Time>2026-03-22T19:49:23.000Z</Time><Position><LatitudeDegrees>24.69607925415039</LatitudeDegrees><LongitudeDegrees>120.89501190185547</LongitudeDegrees></Position></Trackpoint><Trackpoint><Time>2026-03-22T19:49:24.000Z</Time><Position><LatitudeDegrees>24.696069717407227</LatitudeDegrees><LongitudeDegrees>120.89500427246094</LongitudeDegrees></Position></Trackpoint><Trackpoint><Time>2026-03-22T19:49:25.000Z</Time><Position><LatitudeDegrees>24.696060180664062</LatitudeDegrees><LongitudeDegrees>120.8949966430664</LongitudeDegrees></Position></Trackpoint><Trackpoint><Time>2026-03-22T19:49:26.000Z</Time><Position><LatitudeDegrees>24.6960506439209</LatitudeDegrees><LongitudeDegrees>120.8949966430664</LongitudeDegrees></Position></Trackpoint><Trackpoint><Time>2026-03-22T19:49:27.000Z</Time><Position><LatitudeDegrees>24.696041107177734</LatitudeDegrees><LongitudeDegrees>120.89498901367188</LongitudeDegrees></Position></Trackpoint><Trackpoint><Time>2026-03-22T19:49:28.000Z</Time><Position><LatitudeDegrees>24.69603157043457</LatitudeDegrees><LongitudeDegrees>120.89498138427734</LongitudeDegrees></Position></Trackpoint><Trackpoint><Time>2026-03-22T19:49:29.000Z</Time><Position><LatitudeDegrees>24.696022033691406</LatitudeDegrees><LongitudeDegrees>120.89497375488281</LongitudeDegrees></Position></Trackpoint><Trackpoint><Time>2026-03-22T19:49:30.000Z</Time><Position><LatitudeDegrees>24.696012496948242</LatitudeDegrees><LongitudeDegrees>120.89497375488281</LongitudeDegrees></Position></Trackpoint><Trackpoint><Time>2026-03-22T19:49:31.000Z</Time><Position><LatitudeDegrees>24.69600486755371</LatitudeDegrees><LongitudeDegrees>120.89496612548828</LongitudeDegrees></Position></Trackpoint><Trackpoint><Time>2026-03-22T19:49:32.000Z</Time><Position><LatitudeDegrees>24.695995330810547</LatitudeDegrees><LongitudeDegrees>120.89495849609375</LongitudeDegrees></Position></Trackpoint><Trackpoint><Time>2026-03-22T19:49:33.000Z</Time><Position><LatitudeDegrees>24.695985794067383</LatitudeDegrees><LongitudeDegrees>120.89495086669922</LongitudeDegrees></Position></Trackpoint><Trackpoint><Time>2026-03-22T19:49:34.000Z</Time><Position><LatitudeDegrees>24.69597816467285</LatitudeDegrees><LongitudeDegrees>120.89494323730469</LongitudeDegrees></Position></Trackpoint><Trackpoint><Time>2026-03-22T19:49:35.000Z</Time><Position><LatitudeDegrees>24.695966720581055</LatitudeDegrees><LongitudeDegrees>120.89494323730469</LongitudeDegrees></Position></Trackpoint><Trackpoint><Time>2026-03-22T19:49:36.000Z</Time><Position><LatitudeDegrees>24.69595718383789</LatitudeDegrees><LongitudeDegrees>120.89494323730469</LongitudeDegrees></Position></Trackpoint><Trackpoint><Time>2026-03-22T19:49:37.000Z</Time><Position><LatitudeDegrees>24.695947647094727</LatitudeDegrees><LongitudeDegrees>120.89493560791016</LongitudeDegrees></Position></Trackpoint><Trackpoint><Time>2026-03-22T19:49:38.000Z</Time><Position><LatitudeDegrees>24.695938110351562</LatitudeDegrees><LongitudeDegrees>120.89493560791016</LongitudeDegrees></Position></Trackpoint><Trackpoint><Time>2026-03-22T19:49:39.000Z</Time><Position><LatitudeDegrees>24.69593048095703</LatitudeDegrees><LongitudeDegrees>120.89492797851562</LongitudeDegrees></Position></Trackpoint><Trackpoint><Time>2026-03-22T19:49:40.000Z</Time><Position><LatitudeDegrees>24.695920944213867</LatitudeDegrees><LongitudeDegrees>120.8949203491211</LongitudeDegrees></Position></Trackpoint><Trackpoint><Time>2026-03-22T19:49:41.000Z</Time><Position><LatitudeDegrees>24.69590950012207</LatitudeDegrees><LongitudeDegrees>120.89491271972656</LongitudeDegrees></Position></Trackpoint><Trackpoint><Time>2026-03-22T19:49:42.000Z</Time><Position><LatitudeDegrees>24.695898056030273</LatitudeDegrees><LongitudeDegrees>120.89491271972656</LongitudeDegrees></Position></Trackpoint><Trackpoint><Time>2026-03-22T19:49:43.000Z</Time><Position><LatitudeDegrees>24.69588851928711</LatitudeDegrees><LongitudeDegrees>120.89490509033203</LongitudeDegrees></Position></Trackpoint><Trackpoint><Time>2026-03-22T19:49:44.000Z</Time><Position><LatitudeDegrees>24.695877075195312</LatitudeDegrees><LongitudeDegrees>120.8948974609375</LongitudeDegrees></Position></Trackpoint><Trackpoint><Time>2026-03-22T19:49:45.000Z</Time><Position><LatitudeDegrees>24.69586753845215</LatitudeDegrees><LongitudeDegrees>120.8948974609375</LongitudeDegrees></Position></Trackpoint><Trackpoint><Time>2026-03-22T19:49:46.000Z</Time><Position><LatitudeDegrees>24.69585609436035</LatitudeDegrees><LongitudeDegrees>120.89488983154297</LongitudeDegrees></Position></Trackpoint><Trackpoint><Time>2026-03-22T19:49:47.000Z</Time><Position><LatitudeDegrees>24.695846557617188</LatitudeDegrees><LongitudeDegrees>120.89488983154297</LongitudeDegrees></Position></Trackpoint><Trackpoint><Time>2026-03-22T19:49:48.000Z</Time><Position><LatitudeDegrees>24.695837020874023</LatitudeDegrees><LongitudeDegrees>120.89488220214844</LongitudeDegrees></Position></Trackpoint><Trackpoint><Time>2026-03-22T19:49:49.000Z</Time><Position><LatitudeDegrees>24.69582748413086</LatitudeDegrees><LongitudeDegrees>120.89488220214844</LongitudeDegrees></Position></Trackpoint><Trackpoint><Time>2026-03-22T19:49:50.000Z</Time><Position><LatitudeDegrees>24.695817947387695</LatitudeDegrees><LongitudeDegrees>120.8948745727539</LongitudeDegrees></Position></Trackpoint><Trackpoint><Time>2026-03-22T19:49:51.000Z</Time><Position><LatitudeDegrees>24.695810317993164</LatitudeDegrees><LongitudeDegrees>120.89486694335938</LongitudeDegrees></Position></Trackpoint><Trackpoint><Time>2026-03-22T19:49:52.000Z</Time><Position><LatitudeDegrees>24.69580078125</LatitudeDegrees><LongitudeDegrees>120.89485931396484</LongitudeDegrees></Position></Trackpoint><Trackpoint><Time>2026-03-22T19:49:53.000Z</Time><Position><LatitudeDegrees>24.695789337158203</LatitudeDegrees><LongitudeDegrees>120.89485168457031</LongitudeDegrees></Position></Trackpoint><Trackpoint><Time>2026-03-22T19:49:54.000Z</Time><Position><LatitudeDegrees>24.69577980041504</LatitudeDegrees><LongitudeDegrees>120.89484405517578</LongitudeDegrees></Position></Trackpoint><Trackpoint><Time>2026-03-22T19:49:55.000Z</Time><Position><LatitudeDegrees>24.695770263671875</LatitudeDegrees><LongitudeDegrees>120.89484405517578</LongitudeDegrees></Position></Trackpoint><Trackpoint><Time>2026-03-22T19:49:56.000Z</Time><Position><LatitudeDegrees>24.695762634277344</LatitudeDegrees><LongitudeDegrees>120.89483642578125</LongitudeDegrees></Position></Trackpoint><Trackpoint><Time>2026-03-22T19:49:57.000Z</Time><Position><LatitudeDegrees>24.69575309753418</LatitudeDegrees><LongitudeDegrees>120.89482879638672</LongitudeDegrees></Position></Trackpoint><Trackpoint><Time>2026-03-22T19:49:58.000Z</Time><Position><LatitudeDegrees>24.69574546813965</LatitudeDegrees><LongitudeDegrees>120.89482116699219</LongitudeDegrees></Position></Trackpoint><Trackpoint><Time>2026-03-22T19:49:59.000Z</Time><Position><LatitudeDegrees>24.695735931396484</LatitudeDegrees><LongitudeDegrees>120.89481353759766</LongitudeDegrees></Position></Trackpoint><Trackpoint><Time>2026-03-22T19:50:00.000Z</Time><Position><LatitudeDegrees>24.695730209350586</LatitudeDegrees><LongitudeDegrees>120.89480590820312</LongitudeDegrees></Position></Trackpoint><Trackpoint><Time>2026-03-22T19:50:01.000Z</Time><Position><LatitudeDegrees>24.695722579956055</LatitudeDegrees><LongitudeDegrees>120.8947982788086</LongitudeDegrees></Position></Trackpoint><Trackpoint><Time>2026-03-22T19:50:02.000Z</Time><Position><LatitudeDegrees>24.695716857910156</LatitudeDegrees><LongitudeDegrees>120.89479064941406</LongitudeDegrees></Position></Trackpoint><Trackpoint><Time>2026-03-22T19:50:03.000Z</Time><Position><LatitudeDegrees>24.695709228515625</LatitudeDegrees><LongitudeDegrees>120.89479064941406</LongitudeDegrees></Position></Trackpoint><Trackpoint><Time>2026-03-22T19:50:04.000Z</Time><Position><LatitudeDegrees>24.69569969177246</LatitudeDegrees><LongitudeDegrees>120.89479064941406</LongitudeDegrees></Position></Trackpoint><Trackpoint><Time>2026-03-22T19:50:05.000Z</Time><Position><LatitudeDegrees>24.69569206237793</LatitudeDegrees><LongitudeDegrees>120.89478302001953</LongitudeDegrees></Position></Trackpoint><Trackpoint><Time>2026-03-22T19:50:06.000Z</Time><Position><LatitudeDegrees>24.695682525634766</LatitudeDegrees><LongitudeDegrees>120.89478302001953</LongitudeDegrees></Position></Trackpoint><Trackpoint><Time>2026-03-22T19:50:07.000Z</Time><Position><LatitudeDegrees>24.6956729888916</LatitudeDegrees><LongitudeDegrees>120.894775390625</LongitudeDegrees></Position></Trackpoint><Trackpoint><Time>2026-03-22T19:50:08.000Z</Time><Position><LatitudeDegrees>24.695663452148438</LatitudeDegrees><LongitudeDegrees>120.894775390625</LongitudeDegrees></Position></Trackpoint><Trackpoint><Time>2026-03-22T19:50:09.000Z</Time><Position><LatitudeDegrees>24.695655822753906</LatitudeDegrees><LongitudeDegrees>120.89476776123047</LongitudeDegrees></Position></Trackpoint><Trackpoint><Time>2026-03-22T19:50:10.000Z</Time><Position><LatitudeDegrees>24.695646286010742</LatitudeDegrees><LongitudeDegrees>120.89476013183594</LongitudeDegrees></Position></Trackpoint><Trackpoint><Time>2026-03-22T19:50:11.000Z</Time><Position><LatitudeDegrees>24.695636749267578</LatitudeDegrees><LongitudeDegrees>120.8947525024414</LongitudeDegrees></Position></Trackpoint><Trackpoint><Time>2026-03-22T19:50:12.000Z</Time><Position><LatitudeDegrees>24.695627212524414</LatitudeDegrees><LongitudeDegrees>120.89474487304688</LongitudeDegrees></Position></Trackpoint><Trackpoint><Time>2026-03-22T19:50:13.000Z</Time><Position><LatitudeDegrees>24.695619583129883</LatitudeDegrees><LongitudeDegrees>120.89473724365234</LongitudeDegrees></Position></Trackpoint><Trackpoint><Time>2026-03-22T19:50:14.000Z</Time><Position><LatitudeDegrees>24.695608139038086</LatitudeDegrees><LongitudeDegrees>120.89473724365234</LongitudeDegrees></Position></Trackpoint><Trackpoint><Time>2026-03-22T19:50:15.000Z</Time><Position><LatitudeDegrees>24.695598602294922</LatitudeDegrees><LongitudeDegrees>120.89473724365234</LongitudeDegrees></Position></Trackpoint><Trackpoint><Time>2026-03-22T19:50:16.000Z</Time><Position><LatitudeDegrees>24.695587158203125</LatitudeDegrees><LongitudeDegrees>120.89473724365234</LongitudeDegrees></Position></Trackpoint><Trackpoint><Time>2026-03-22T19:50:17.000Z</Time><Position><LatitudeDegrees>24.695575714111328</LatitudeDegrees><LongitudeDegrees>120.89472961425781</LongitudeDegrees></Position></Trackpoint><Trackpoint><Time>2026-03-22T19:50:18.000Z</Time><Position><LatitudeDegrees>24.695566177368164</LatitudeDegrees><LongitudeDegrees>120.89472961425781</LongitudeDegrees></Position></Trackpoint><Trackpoint><Time>2026-03-22T19:50:19.000Z</Time><Position><LatitudeDegrees>24.695556640625</LatitudeDegrees><LongitudeDegrees>120.89472198486328</LongitudeDegrees></Position></Trackpoint><Trackpoint><Time>2026-03-22T19:50:20.000Z</Time><Position><LatitudeDegrees>24.695545196533203</LatitudeDegrees><LongitudeDegrees>120.89471435546875</LongitudeDegrees></Position></Trackpoint><Trackpoint><Time>2026-03-22T19:50:21.000Z</Time><Position><LatitudeDegrees>24.695533752441406</LatitudeDegrees><LongitudeDegrees>120.89470672607422</LongitudeDegrees></Position></Trackpoint><Trackpoint><Time>2026-03-22T19:50:22.000Z</Time><Position><LatitudeDegrees>24.695524215698242</LatitudeDegrees><LongitudeDegrees>120.89469909667969</LongitudeDegrees></Position></Trackpoint><Trackpoint><Time>2026-03-22T19:50:23.000Z</Time><Position><LatitudeDegrees>24.695512771606445</LatitudeDegrees><LongitudeDegrees>120.89469909667969</LongitudeDegrees></Position></Trackpoint><Trackpoint><Time>2026-03-22T19:50:24.000Z</Time><Position><LatitudeDegrees>24.69550132751465</LatitudeDegrees><LongitudeDegrees>120.89469146728516</LongitudeDegrees></Position></Trackpoint><Trackpoint><Time>2026-03-22T19:50:25.000Z</Time><Position><LatitudeDegrees>24.695491790771484</LatitudeDegrees><LongitudeDegrees>120.89468383789062</LongitudeDegrees></Position></Trackpoint><Trackpoint><Time>2026-03-22T19:50:26.000Z</Time><Position><LatitudeDegrees>24.695478439331055</LatitudeDegrees><LongitudeDegrees>120.89468383789062</LongitudeDegrees></Position></Trackpoint><Trackpoint><Time>2026-03-22T19:50:27.000Z</Time><Position><LatitudeDegrees>24.695466995239258</LatitudeDegrees><LongitudeDegrees>120.89466857910156</LongitudeDegrees></Position></Trackpoint><Trackpoint><Time>2026-03-22T19:50:28.000Z</Time><Position><LatitudeDegrees>24.695457458496094</LatitudeDegrees><LongitudeDegrees>120.89466857910156</LongitudeDegrees></Position></Trackpoint><Trackpoint><Time>2026-03-22T19:50:29.000Z</Time><Position><LatitudeDegrees>24.695444107055664</LatitudeDegrees><LongitudeDegrees>120.89466094970703</LongitudeDegrees></Position></Trackpoint><Trackpoint><Time>2026-03-22T19:50:30.000Z</Time><Position><LatitudeDegrees>24.695432662963867</LatitudeDegrees><LongitudeDegrees>120.89466094970703</LongitudeDegrees></Position></Trackpoint><Trackpoint><Time>2026-03-22T19:50:31.000Z</Time><Position><LatitudeDegrees>24.69542121887207</LatitudeDegrees><LongitudeDegrees>120.8946533203125</LongitudeDegrees></Position></Trackpoint><Trackpoint><Time>2026-03-22T19:50:32.000Z</Time><Position><LatitudeDegrees>24.695411682128906</LatitudeDegrees><LongitudeDegrees>120.89464569091797</LongitudeDegrees></Position></Trackpoint><Trackpoint><Time>2026-03-22T19:50:33.000Z</Time><Position><LatitudeDegrees>24.695396423339844</LatitudeDegrees><LongitudeDegrees>120.89464569091797</LongitudeDegrees></Position></Trackpoint><Trackpoint><Time>2026-03-22T19:50:34.000Z</Time><Position><LatitudeDegrees>24.695384979248047</LatitudeDegrees><LongitudeDegrees>120.89464569091797</LongitudeDegrees></Position></Trackpoint><Trackpoint><Time>2026-03-22T19:50:35.000Z</Time><Position><LatitudeDegrees>24.69537353515625</LatitudeDegrees><LongitudeDegrees>120.89463806152344</LongitudeDegrees></Position></Trackpoint><Trackpoint><Time>2026-03-22T19:50:36.000Z</Time><Position><LatitudeDegrees>24.695362091064453</LatitudeDegrees><LongitudeDegrees>120.89463806152344</LongitudeDegrees></Position></Trackpoint><Trackpoint><Time>2026-03-22T19:50:37.000Z</Time><Position><LatitudeDegrees>24.695350646972656</LatitudeDegrees><LongitudeDegrees>120.8946304321289</LongitudeDegrees></Position></Trackpoint><Trackpoint><Time>2026-03-22T19:50:38.000Z</Time><Position><LatitudeDegrees>24.695341110229492</LatitudeDegrees><LongitudeDegrees>120.89462280273438</LongitudeDegrees></Position></Trackpoint><Trackpoint><Time>2026-03-22T19:50:39.000Z</Time><Position><LatitudeDegrees>24.695331573486328</LatitudeDegrees><LongitudeDegrees>120.89461517333984</LongitudeDegrees></Position></Trackpoint><Trackpoint><Time>2026-03-22T19:50:40.000Z</Time><Position><LatitudeDegrees>24.695323944091797</LatitudeDegrees><LongitudeDegrees>120.89460754394531</LongitudeDegrees></Position></Trackpoint><Trackpoint><Time>2026-03-22T19:50:41.000Z</Time><Position><LatitudeDegrees>24.695314407348633</LatitudeDegrees><LongitudeDegrees>120.89459228515625</LongitudeDegrees></Position></Trackpoint><Trackpoint><Time>2026-03-22T19:50:42.000Z</Time><Position><LatitudeDegrees>24.69530487060547</LatitudeDegrees><LongitudeDegrees>120.89458465576172</LongitudeDegrees></Position></Trackpoint><Trackpoint><Time>2026-03-22T19:50:43.000Z</Time><Position><LatitudeDegrees>24.695293426513672</LatitudeDegrees><LongitudeDegrees>120.89458465576172</LongitudeDegrees></Position></Trackpoint><Trackpoint><Time>2026-03-22T19:50:44.000Z</Time><Position><LatitudeDegrees>24.695283889770508</LatitudeDegrees><LongitudeDegrees>120.89457702636719</LongitudeDegrees></Position></Trackpoint><Trackpoint><Time>2026-03-22T19:50:45.000Z</Time><Position><LatitudeDegrees>24.695274353027344</LatitudeDegrees><LongitudeDegrees>120.89457702636719</LongitudeDegrees></Position></Trackpoint><Trackpoint><Time>2026-03-22T19:50:46.000Z</Time><Position><LatitudeDegrees>24.695262908935547</LatitudeDegrees><LongitudeDegrees>120.89456939697266</LongitudeDegrees></Position></Trackpoint><Trackpoint><Time>2026-03-22T19:50:47.000Z</Time><Position><LatitudeDegrees>24.69525146484375</LatitudeDegrees><LongitudeDegrees>120.89456176757812</LongitudeDegrees></Position></Trackpoint><Trackpoint><Time>2026-03-22T19:50:48.000Z</Time><Position><LatitudeDegrees>24.695241928100586</LatitudeDegrees><LongitudeDegrees>120.8945541381836</LongitudeDegrees></Position></Trackpoint><Trackpoint><Time>2026-03-22T19:50:49.000Z</Time><Position><LatitudeDegrees>24.695232391357422</LatitudeDegrees><LongitudeDegrees>120.8945541381836</LongitudeDegrees></Position></Trackpoint><Trackpoint><Time>2026-03-22T19:50:50.000Z</Time><Position><LatitudeDegrees>24.695220947265625</LatitudeDegrees><LongitudeDegrees>120.89454650878906</LongitudeDegrees></Position></Trackpoint><Trackpoint><Time>2026-03-22T19:50:51.000Z</Time><Position><LatitudeDegrees>24.69521141052246</LatitudeDegrees><LongitudeDegrees>120.89454650878906</LongitudeDegrees></Position></Trackpoint><Trackpoint><Time>2026-03-22T19:50:52.000Z</Time><Position><LatitudeDegrees>24.695199966430664</LatitudeDegrees><LongitudeDegrees>120.89453887939453</LongitudeDegrees></Position></Trackpoint><Trackpoint><Time>2026-03-22T19:50:53.000Z</Time><Position><LatitudeDegrees>24.695188522338867</LatitudeDegrees><LongitudeDegrees>120.89453125</LongitudeDegrees></Position></Trackpoint><Trackpoint><Time>2026-03-22T19:50:54.000Z</Time><Position><LatitudeDegrees>24.69517707824707</LatitudeDegrees><LongitudeDegrees>120.89452362060547</LongitudeDegrees></Position></Trackpoint><Trackpoint><Time>2026-03-22T19:50:55.000Z</Time><Position><LatitudeDegrees>24.695165634155273</LatitudeDegrees><LongitudeDegrees>120.89452362060547</LongitudeDegrees></Position></Trackpoint><Trackpoint><Time>2026-03-22T19:50:56.000Z</Time><Position><LatitudeDegrees>24.695154190063477</LatitudeDegrees><LongitudeDegrees>120.89451599121094</LongitudeDegrees></Position></Trackpoint><Trackpoint><Time>2026-03-22T19:50:57.000Z</Time><Position><LatitudeDegrees>24.69514274597168</LatitudeDegrees><LongitudeDegrees>120.89450073242188</LongitudeDegrees></Position></Trackpoint><Trackpoint><Time>2026-03-22T19:50:58.000Z</Time><Position><LatitudeDegrees>24.695127487182617</LatitudeDegrees><LongitudeDegrees>120.89450073242188</LongitudeDegrees></Position></Trackpoint><Trackpoint><Time>2026-03-22T19:50:59.000Z</Time><Position><LatitudeDegrees>24.69511604309082</LatitudeDegrees><LongitudeDegrees>120.89449310302734</LongitudeDegrees></Position></Trackpoint><Trackpoint><Time>2026-03-22T19:51:00.000Z</Time><Position><LatitudeDegrees>24.695104598999023</LatitudeDegrees><LongitudeDegrees>120.89448547363281</LongitudeDegrees></Position></Trackpoint><Trackpoint><Time>2026-03-22T19:51:01.000Z</Time><Position><LatitudeDegrees>24.695093154907227</LatitudeDegrees><LongitudeDegrees>120.89447784423828</LongitudeDegrees></Position></Trackpoint><Trackpoint><Time>2026-03-22T19:51:02.000Z</Time><Position><LatitudeDegrees>24.695083618164062</LatitudeDegrees><LongitudeDegrees>120.89447021484375</LongitudeDegrees></Position></Trackpoint><Trackpoint><Time>2026-03-22T19:51:03.000Z</Time><Position><LatitudeDegrees>24.6950740814209</LatitudeDegrees><LongitudeDegrees>120.89446258544922</LongitudeDegrees></Position></Trackpoint><Trackpoint><Time>2026-03-22T19:51:04.000Z</Time><Position><LatitudeDegrees>24.695064544677734</LatitudeDegrees><LongitudeDegrees>120.89445495605469</LongitudeDegrees></Position></Trackpoint><Trackpoint><Time>2026-03-22T19:51:05.000Z</Time><Position><LatitudeDegrees>24.69505500793457</LatitudeDegrees><LongitudeDegrees>120.89443969726562</LongitudeDegrees></Position></Trackpoint><Trackpoint><Time>2026-03-22T19:51:06.000Z</Time><Position><LatitudeDegrees>24.695045471191406</LatitudeDegrees><LongitudeDegrees>120.89443969726562</LongitudeDegrees></Position></Trackpoint><Trackpoint><Time>2026-03-22T19:51:07.000Z</Time><Position><LatitudeDegrees>24.695035934448242</LatitudeDegrees><LongitudeDegrees>120.8944320678711</LongitudeDegrees></Position></Trackpoint><Trackpoint><Time>2026-03-22T19:51:08.000Z</Time><Position><LatitudeDegrees>24.695024490356445</LatitudeDegrees><LongitudeDegrees>120.89442443847656</LongitudeDegrees></Position></Trackpoint><Trackpoint><Time>2026-03-22T19:51:09.000Z</Time><Position><LatitudeDegrees>24.695016860961914</LatitudeDegrees><LongitudeDegrees>120.89442443847656</LongitudeDegrees></Position></Trackpoint><Trackpoint><Time>2026-03-22T19:51:10.000Z</Time><Position><LatitudeDegrees>24.695005416870117</LatitudeDegrees><LongitudeDegrees>120.89441680908203</LongitudeDegrees></Position></Trackpoint><Trackpoint><Time>2026-03-22T19:51:11.000Z</Time><Position><LatitudeDegrees>24.694995880126953</LatitudeDegrees><LongitudeDegrees>120.8944091796875</LongitudeDegrees></Position></Trackpoint><Trackpoint><Time>2026-03-22T19:51:12.000Z</Time><Position><LatitudeDegrees>24.69498634338379</LatitudeDegrees><LongitudeDegrees>120.8944091796875</LongitudeDegrees></Position></Trackpoint><Trackpoint><Time>2026-03-22T19:51:13.000Z</Time><Position><LatitudeDegrees>24.694976806640625</LatitudeDegrees><LongitudeDegrees>120.89440155029297</LongitudeDegrees></Position></Trackpoint><Trackpoint><Time>2026-03-22T19:51:14.000Z</Time><Position><LatitudeDegrees>24.694965362548828</LatitudeDegrees><LongitudeDegrees>120.89439392089844</LongitudeDegrees></Position></Trackpoint><Trackpoint><Time>2026-03-22T19:51:15.000Z</Time><Position><LatitudeDegrees>24.694955825805664</LatitudeDegrees><LongitudeDegrees>120.8943862915039</LongitudeDegrees></Position></Trackpoint><Trackpoint><Time>2026-03-22T19:51:16.000Z</Time><Position><LatitudeDegrees>24.694942474365234</LatitudeDegrees><LongitudeDegrees>120.8943862915039</LongitudeDegrees></Position></Trackpoint><Trackpoint><Time>2026-03-22T19:51:17.000Z</Time><Position><LatitudeDegrees>24.69493293762207</LatitudeDegrees><LongitudeDegrees>120.89437866210938</LongitudeDegrees></Position></Trackpoint><Trackpoint><Time>2026-03-22T19:51:18.000Z</Time><Position><LatitudeDegrees>24.694921493530273</LatitudeDegrees><LongitudeDegrees>120.89437103271484</LongitudeDegrees></Position></Trackpoint><Trackpoint><Time>2026-03-22T19:51:19.000Z</Time><Position><LatitudeDegrees>24.694910049438477</LatitudeDegrees><LongitudeDegrees>120.89436340332031</LongitudeDegrees></Position></Trackpoint><Trackpoint><Time>2026-03-22T19:51:20.000Z</Time><Position><LatitudeDegrees>24.694900512695312</LatitudeDegrees><LongitudeDegrees>120.89436340332031</LongitudeDegrees></Position></Trackpoint><Trackpoint><Time>2026-03-22T19:51:21.000Z</Time><Position><LatitudeDegrees>24.694889068603516</LatitudeDegrees><LongitudeDegrees>120.89435577392578</LongitudeDegrees></Position></Trackpoint><Trackpoint><Time>2026-03-22T19:51:22.000Z</Time><Position><LatitudeDegrees>24.69487762451172</LatitudeDegrees><LongitudeDegrees>120.89435577392578</LongitudeDegrees></Position></Trackpoint><Trackpoint><Time>2026-03-22T19:51:23.000Z</Time><Position><LatitudeDegrees>24.694868087768555</LatitudeDegrees><LongitudeDegrees>120.89434814453125</LongitudeDegrees></Position></Trackpoint><Trackpoint><Time>2026-03-22T19:51:24.000Z</Time><Position><LatitudeDegrees>24.694860458374023</LatitudeDegrees><LongitudeDegrees>120.89434051513672</LongitudeDegrees></Position></Trackpoint><Trackpoint><Time>2026-03-22T19:51:25.000Z</Time><Position><LatitudeDegrees>24.69485092163086</LatitudeDegrees><LongitudeDegrees>120.89433288574219</LongitudeDegrees></Position></Trackpoint><Trackpoint><Time>2026-03-22T19:51:26.000Z</Time><Position><LatitudeDegrees>24.69484519958496</LatitudeDegrees><LongitudeDegrees>120.89432525634766</LongitudeDegrees></Position></Trackpoint><Trackpoint><Time>2026-03-22T19:51:27.000Z</Time><Position><LatitudeDegrees>24.694835662841797</LatitudeDegrees><LongitudeDegrees>120.89431762695312</LongitudeDegrees></Position></Trackpoint><Trackpoint><Time>2026-03-22T19:51:28.000Z</Time><Position><LatitudeDegrees>24.6948184967041</LatitudeDegrees><LongitudeDegrees>120.89431762695312</LongitudeDegrees></Position></Trackpoint><Trackpoint><Time>2026-03-22T19:51:29.000Z</Time><Position><LatitudeDegrees>24.69480323791504</LatitudeDegrees><LongitudeDegrees>120.89431762695312</LongitudeDegrees></Position></Trackpoint><Trackpoint><Time>2026-03-22T19:51:30.000Z</Time><Position><LatitudeDegrees>24.694791793823242</LatitudeDegrees><LongitudeDegrees>120.8943099975586</LongitudeDegrees></Position></Trackpoint><Trackpoint><Time>2026-03-22T19:51:31.000Z</Time><Position><LatitudeDegrees>24.694780349731445</LatitudeDegrees><LongitudeDegrees>120.89430236816406</LongitudeDegrees></Position></Trackpoint><Trackpoint><Time>2026-03-22T19:51:32.000Z</Time><Position><LatitudeDegrees>24.694772720336914</LatitudeDegrees><LongitudeDegrees>120.89429473876953</LongitudeDegrees></Position></Trackpoint><Trackpoint><Time>2026-03-22T19:51:33.000Z</Time><Position><LatitudeDegrees>24.69476318359375</LatitudeDegrees><LongitudeDegrees>120.894287109375</LongitudeDegrees></Position></Trackpoint><Trackpoint><Time>2026-03-22T19:51:34.000Z</Time><Position><LatitudeDegrees>24.694751739501953</LatitudeDegrees><LongitudeDegrees>120.89427947998047</LongitudeDegrees></Position></Trackpoint><Trackpoint><Time>2026-03-22T19:51:35.000Z</Time><Position><LatitudeDegrees>24.694740295410156</LatitudeDegrees><LongitudeDegrees>120.8942642211914</LongitudeDegrees></Position></Trackpoint><Trackpoint><Time>2026-03-22T19:51:36.000Z</Time><Position><LatitudeDegrees>24.694721221923828</LatitudeDegrees><LongitudeDegrees>120.8942642211914</LongitudeDegrees></Position></Trackpoint><Trackpoint><Time>2026-03-22T19:51:37.000Z</Time><Position><LatitudeDegrees>24.694698333740234</LatitudeDegrees><LongitudeDegrees>120.89425659179688</LongitudeDegrees></Position></Trackpoint><Trackpoint><Time>2026-03-22T19:51:38.000Z</Time><Position><LatitudeDegrees>24.694671630859375</LatitudeDegrees><LongitudeDegrees>120.89425659179688</LongitudeDegrees></Position></Trackpoint><Trackpoint><Time>2026-03-22T19:51:39.000Z</Time><Position><LatitudeDegrees>24.694643020629883</LatitudeDegrees><LongitudeDegrees>120.89424133300781</LongitudeDegrees></Position></Trackpoint><Trackpoint><Time>2026-03-22T19:51:40.000Z</Time><Position><LatitudeDegrees>24.69461441040039</LatitudeDegrees><LongitudeDegrees>120.89423370361328</LongitudeDegrees></Position></Trackpoint><Trackpoint><Time>2026-03-22T19:51:41.000Z</Time><Position><LatitudeDegrees>24.694581985473633</LatitudeDegrees><LongitudeDegrees>120.89421844482422</LongitudeDegrees></Position></Trackpoint><Trackpoint><Time>2026-03-22T19:51:42.000Z</Time><Position><LatitudeDegrees>24.694551467895508</LatitudeDegrees><LongitudeDegrees>120.89420318603516</LongitudeDegrees></Position></Trackpoint><Trackpoint><Time>2026-03-22T19:51:43.000Z</Time><Position><LatitudeDegrees>24.694522857666016</LatitudeDegrees><LongitudeDegrees>120.8941879272461</LongitudeDegrees></Position></Trackpoint><Trackpoint><Time>2026-03-22T19:51:44.000Z</Time><Position><LatitudeDegrees>24.694496154785156</LatitudeDegrees><LongitudeDegrees>120.89417266845703</LongitudeDegrees></Position></Trackpoint><Trackpoint><Time>2026-03-22T19:51:45.000Z</Time><Position><LatitudeDegrees>24.694475173950195</LatitudeDegrees><LongitudeDegrees>120.89414978027344</LongitudeDegrees></Position></Trackpoint><Trackpoint><Time>2026-03-22T19:51:46.000Z</Time><Position><LatitudeDegrees>24.694469451904297</LatitudeDegrees><LongitudeDegrees>120.89411163330078</LongitudeDegrees></Position></Trackpoint><Trackpoint><Time>2026-03-22T19:51:47.000Z</Time><Position><LatitudeDegrees>24.69447135925293</LatitudeDegrees><LongitudeDegrees>120.89408111572266</LongitudeDegrees></Position></Trackpoint><Trackpoint><Time>2026-03-22T19:51:48.000Z</Time><Position><LatitudeDegrees>24.694480895996094</LatitudeDegrees><LongitudeDegrees>120.89405822753906</LongitudeDegrees></Position></Trackpoint><Trackpoint><Time>2026-03-22T19:51:49.000Z</Time><Position><LatitudeDegrees>24.69449234008789</LatitudeDegrees><LongitudeDegrees>120.89403533935547</LongitudeDegrees></Position></Trackpoint><Trackpoint><Time>2026-03-22T19:51:50.000Z</Time><Position><LatitudeDegrees>24.694496154785156</LatitudeDegrees><LongitudeDegrees>120.89400482177734</LongitudeDegrees></Position></Trackpoint><Trackpoint><Time>2026-03-22T19:51:51.000Z</Time><Position><LatitudeDegrees>24.694499969482422</LatitudeDegrees><LongitudeDegrees>120.89398956298828</LongitudeDegrees></Position></Trackpoint><Trackpoint><Time>2026-03-22T19:51:52.000Z</Time><Position><LatitudeDegrees>24.69449806213379</LatitudeDegrees><LongitudeDegrees>120.89395904541016</LongitudeDegrees></Position></Trackpoint><Trackpoint><Time>2026-03-22T19:51:53.000Z</Time><Position><LatitudeDegrees>24.694496154785156</LatitudeDegrees><LongitudeDegrees>120.8939437866211</LongitudeDegrees></Position></Trackpoint><Trackpoint><Time>2026-03-22T19:51:54.000Z</Time><Position><LatitudeDegrees>24.694490432739258</LatitudeDegrees><LongitudeDegrees>120.89391326904297</LongitudeDegrees></Position></Trackpoint><Trackpoint><Time>2026-03-22T19:51:55.000Z</Time><Position><LatitudeDegrees>24.694486618041992</LatitudeDegrees><LongitudeDegrees>120.89389038085938</LongitudeDegrees></Position></Trackpoint><Trackpoint><Time>2026-03-22T19:51:56.000Z</Time><Position><LatitudeDegrees>24.694486618041992</LatitudeDegrees><LongitudeDegrees>120.89386749267578</LongitudeDegrees></Position></Trackpoint><Trackpoint><Time>2026-03-22T19:51:57.000Z</Time><Position><LatitudeDegrees>24.694486618041992</LatitudeDegrees><LongitudeDegrees>120.89383697509766</LongitudeDegrees></Position></Trackpoint><Trackpoint><Time>2026-03-22T19:51:58.000Z</Time><Position><LatitudeDegrees>24.69448471069336</LatitudeDegrees><LongitudeDegrees>120.89381408691406</LongitudeDegrees></Position></Trackpoint><Trackpoint><Time>2026-03-22T19:51:59.000Z</Time><Position><LatitudeDegrees>24.69448471069336</LatitudeDegrees><LongitudeDegrees>120.89378356933594</LongitudeDegrees></Position></Trackpoint><Trackpoint><Time>2026-03-22T19:52:00.000Z</Time><Position><LatitudeDegrees>24.69448471069336</LatitudeDegrees><LongitudeDegrees>120.89376068115234</LongitudeDegrees></Position></Trackpoint><Trackpoint><Time>2026-03-22T19:52:01.000Z</Time><Position><LatitudeDegrees>24.69448471069336</LatitudeDegrees><LongitudeDegrees>120.89373779296875</LongitudeDegrees></Position></Trackpoint><Trackpoint><Time>2026-03-22T19:52:02.000Z</Time><Position><LatitudeDegrees>24.694480895996094</LatitudeDegrees><LongitudeDegrees>120.89370727539062</LongitudeDegrees></Position></Trackpoint><Trackpoint><Time>2026-03-22T19:52:03.000Z</Time><Position><LatitudeDegrees>24.69447898864746</LatitudeDegrees><LongitudeDegrees>120.89368438720703</LongitudeDegrees></Position></Trackpoint><Trackpoint><Time>2026-03-22T19:52:04.000Z</Time><Position><LatitudeDegrees>24.69447898864746</LatitudeDegrees><LongitudeDegrees>120.8936538696289</LongitudeDegrees></Position></Trackpoint><Trackpoint><Time>2026-03-22T19:52:05.000Z</Time><Position><LatitudeDegrees>24.69447898864746</LatitudeDegrees><LongitudeDegrees>120.89363098144531</LongitudeDegrees></Position></Trackpoint><Trackpoint><Time>2026-03-22T19:52:06.000Z</Time><Position><LatitudeDegrees>24.694477081298828</LatitudeDegrees><LongitudeDegrees>120.89360046386719</LongitudeDegrees></Position></Trackpoint><Trackpoint><Time>2026-03-22T19:52:07.000Z</Time><Position><LatitudeDegrees>24.694459915161133</LatitudeDegrees><LongitudeDegrees>120.8935775756836</LongitudeDegrees></Position></Trackpoint><Trackpoint><Time>2026-03-22T19:52:08.000Z</Time><Position><LatitudeDegrees>24.694448471069336</LatitudeDegrees><LongitudeDegrees>120.8935546875</LongitudeDegrees></Position></Trackpoint><Trackpoint><Time>2026-03-22T19:52:09.000Z</Time><Position><LatitudeDegrees>24.694440841674805</LatitudeDegrees><LongitudeDegrees>120.8935317993164</LongitudeDegrees></Position></Trackpoint><Trackpoint><Time>2026-03-22T19:52:10.000Z</Time><Position><LatitudeDegrees>24.694442749023438</LatitudeDegrees><LongitudeDegrees>120.89350128173828</LongitudeDegrees></Position></Trackpoint><Trackpoint><Time>2026-03-22T19:52:11.000Z</Time><Position><LatitudeDegrees>24.69444465637207</LatitudeDegrees><LongitudeDegrees>120.89347076416016</LongitudeDegrees></Position></Trackpoint><Trackpoint><Time>2026-03-22T19:52:12.000Z</Time><Position><LatitudeDegrees>24.69444465637207</LatitudeDegrees><LongitudeDegrees>120.89344024658203</LongitudeDegrees></Position></Trackpoint><Trackpoint><Time>2026-03-22T19:52:13.000Z</Time><Position><LatitudeDegrees>24.694442749023438</LatitudeDegrees><LongitudeDegrees>120.8934097290039</LongitudeDegrees></Position></Trackpoint><Trackpoint><Time>2026-03-22T19:52:14.000Z</Time><Position><LatitudeDegrees>24.694442749023438</LatitudeDegrees><LongitudeDegrees>120.89338684082031</LongitudeDegrees></Position></Trackpoint><Trackpoint><Time>2026-03-22T19:52:15.000Z</Time><Position><LatitudeDegrees>24.69445037841797</LatitudeDegrees><LongitudeDegrees>120.89334869384766</LongitudeDegrees></Position></Trackpoint><Trackpoint><Time>2026-03-22T19:52:16.000Z</Time><Position><LatitudeDegrees>24.6944522857666</LatitudeDegrees><LongitudeDegrees>120.89331817626953</LongitudeDegrees></Position></Trackpoint><Trackpoint><Time>2026-03-22T19:52:17.000Z</Time><Position><LatitudeDegrees>24.6944522857666</LatitudeDegrees><LongitudeDegrees>120.89329528808594</LongitudeDegrees></Position></Trackpoint><Trackpoint><Time>2026-03-22T19:52:18.000Z</Time><Position><LatitudeDegrees>24.6944522857666</LatitudeDegrees><LongitudeDegrees>120.89326477050781</LongitudeDegrees></Position></Trackpoint><Trackpoint><Time>2026-03-22T19:52:19.000Z</Time><Position><LatitudeDegrees>24.694454193115234</LatitudeDegrees><LongitudeDegrees>120.89322662353516</LongitudeDegrees></Position></Trackpoint><Trackpoint><Time>2026-03-22T19:52:20.000Z</Time><Position><LatitudeDegrees>24.694454193115234</LatitudeDegrees><LongitudeDegrees>120.89319610595703</LongitudeDegrees></Position></Trackpoint><Trackpoint><Time>2026-03-22T19:52:21.000Z</Time><Position><LatitudeDegrees>24.6944522857666</LatitudeDegrees><LongitudeDegrees>120.8931655883789</LongitudeDegrees></Position></Trackpoint><Trackpoint><Time>2026-03-22T19:52:22.000Z</Time><Position><LatitudeDegrees>24.694448471069336</LatitudeDegrees><LongitudeDegrees>120.89313507080078</LongitudeDegrees></Position></Trackpoint><Trackpoint><Time>2026-03-22T19:52:23.000Z</Time><Position><LatitudeDegrees>24.69445037841797</LatitudeDegrees><LongitudeDegrees>120.89310455322266</LongitudeDegrees></Position></Trackpoint><Trackpoint><Time>2026-03-22T19:52:24.000Z</Time><Position><LatitudeDegrees>24.69445037841797</LatitudeDegrees><LongitudeDegrees>120.89307403564453</LongitudeDegrees></Position></Trackpoint><Trackpoint><Time>2026-03-22T19:52:25.000Z</Time><Position><LatitudeDegrees>24.694446563720703</LatitudeDegrees><LongitudeDegrees>120.8930435180664</LongitudeDegrees></Position></Trackpoint><Trackpoint><Time>2026-03-22T19:52:26.000Z</Time><Position><LatitudeDegrees>24.694446563720703</LatitudeDegrees><LongitudeDegrees>120.89301300048828</LongitudeDegrees></Position></Trackpoint><Trackpoint><Time>2026-03-22T19:52:27.000Z</Time><Position><LatitudeDegrees>24.69444465637207</LatitudeDegrees><LongitudeDegrees>120.89298248291016</LongitudeDegrees></Position></Trackpoint><Trackpoint><Time>2026-03-22T19:52:28.000Z</Time><Position><LatitudeDegrees>24.694440841674805</LatitudeDegrees><LongitudeDegrees>120.89295196533203</LongitudeDegrees></Position></Trackpoint><Trackpoint><Time>2026-03-22T19:52:29.000Z</Time><Position><LatitudeDegrees>24.69443702697754</LatitudeDegrees><LongitudeDegrees>120.8929214477539</LongitudeDegrees></Position></Trackpoint><Trackpoint><Time>2026-03-22T19:52:30.000Z</Time><Position><LatitudeDegrees>24.694435119628906</LatitudeDegrees><LongitudeDegrees>120.89289093017578</LongitudeDegrees></Position></Trackpoint><Trackpoint><Time>2026-03-22T19:52:31.000Z</Time><Position><LatitudeDegrees>24.694435119628906</LatitudeDegrees><LongitudeDegrees>120.89286041259766</LongitudeDegrees></Position></Trackpoint><Trackpoint><Time>2026-03-22T19:52:32.000Z</Time><Position><LatitudeDegrees>24.694433212280273</LatitudeDegrees><LongitudeDegrees>120.89282989501953</LongitudeDegrees></Position></Trackpoint><Trackpoint><Time>2026-03-22T19:52:33.000Z</Time><Position><LatitudeDegrees>24.694429397583008</LatitudeDegrees><LongitudeDegrees>120.8927993774414</LongitudeDegrees></Position></Trackpoint><Trackpoint><Time>2026-03-22T19:52:34.000Z</Time><Position><LatitudeDegrees>24.694433212280273</LatitudeDegrees><LongitudeDegrees>120.89276885986328</LongitudeDegrees></Position></Trackpoint><Trackpoint><Time>2026-03-22T19:52:35.000Z</Time><Position><LatitudeDegrees>24.69443702697754</LatitudeDegrees><LongitudeDegrees>120.89273834228516</LongitudeDegrees></Position></Trackpoint><Trackpoint><Time>2026-03-22T19:52:36.000Z</Time><Position><LatitudeDegrees>24.69443702697754</LatitudeDegrees><LongitudeDegrees>120.89270782470703</LongitudeDegrees></Position></Trackpoint><Trackpoint><Time>2026-03-22T19:52:37.000Z</Time><Position><LatitudeDegrees>24.69443702697754</LatitudeDegrees><LongitudeDegrees>120.8926773071289</LongitudeDegrees></Position></Trackpoint><Trackpoint><Time>2026-03-22T19:52:38.000Z</Time><Position><LatitudeDegrees>24.694440841674805</LatitudeDegrees><LongitudeDegrees>120.89265441894531</LongitudeDegrees></Position></Trackpoint><Trackpoint><Time>2026-03-22T19:52:39.000Z</Time><Position><LatitudeDegrees>24.694442749023438</LatitudeDegrees><LongitudeDegrees>120.89262390136719</LongitudeDegrees></Position></Trackpoint><Trackpoint><Time>2026-03-22T19:52:40.000Z</Time><Position><LatitudeDegrees>24.694442749023438</LatitudeDegrees><LongitudeDegrees>120.8926010131836</LongitudeDegrees></Position></Trackpoint><Trackpoint><Time>2026-03-22T19:52:41.000Z</Time><Position><LatitudeDegrees>24.694442749023438</LatitudeDegrees><LongitudeDegrees>120.89257049560547</LongitudeDegrees></Position></Trackpoint><Trackpoint><Time>2026-03-22T19:52:42.000Z</Time><Position><LatitudeDegrees>24.694442749023438</LatitudeDegrees><LongitudeDegrees>120.89254760742188</LongitudeDegrees></Position></Trackpoint><Trackpoint><Time>2026-03-22T19:52:43.000Z</Time><Position><LatitudeDegrees>24.69444465637207</LatitudeDegrees><LongitudeDegrees>120.89252471923828</LongitudeDegrees></Position></Trackpoint><Trackpoint><Time>2026-03-22T19:52:44.000Z</Time><Position><LatitudeDegrees>24.694446563720703</LatitudeDegrees><LongitudeDegrees>120.89249420166016</LongitudeDegrees></Position></Trackpoint><Trackpoint><Time>2026-03-22T19:52:45.000Z</Time><Position><LatitudeDegrees>24.69444465637207</LatitudeDegrees><LongitudeDegrees>120.89247131347656</LongitudeDegrees></Position></Trackpoint><Trackpoint><Time>2026-03-22T19:52:46.000Z</Time><Position><LatitudeDegrees>24.694440841674805</LatitudeDegrees><LongitudeDegrees>120.89244079589844</LongitudeDegrees></Position></Trackpoint><Trackpoint><Time>2026-03-22T19:52:47.000Z</Time><Position><LatitudeDegrees>24.694438934326172</LatitudeDegrees><LongitudeDegrees>120.89241790771484</LongitudeDegrees></Position></Trackpoint><Trackpoint><Time>2026-03-22T19:52:48.000Z</Time><Position><LatitudeDegrees>24.69443702697754</LatitudeDegrees><LongitudeDegrees>120.89238739013672</LongitudeDegrees></Position></Trackpoint><Trackpoint><Time>2026-03-22T19:52:49.000Z</Time><Position><LatitudeDegrees>24.694438934326172</LatitudeDegrees><LongitudeDegrees>120.8923568725586</LongitudeDegrees></Position></Trackpoint><Trackpoint><Time>2026-03-22T19:52:50.000Z</Time><Position><LatitudeDegrees>24.694442749023438</LatitudeDegrees><LongitudeDegrees>120.892333984375</LongitudeDegrees></Position></Trackpoint><Trackpoint><Time>2026-03-22T19:52:51.000Z</Time><Position><LatitudeDegrees>24.694446563720703</LatitudeDegrees><LongitudeDegrees>120.89230346679688</LongitudeDegrees></Position></Trackpoint><Trackpoint><Time>2026-03-22T19:52:52.000Z</Time><Position><LatitudeDegrees>24.694446563720703</LatitudeDegrees><LongitudeDegrees>120.89228057861328</LongitudeDegrees></Position></Trackpoint><Trackpoint><Time>2026-03-22T19:52:53.000Z</Time><Position><LatitudeDegrees>24.69444465637207</LatitudeDegrees><LongitudeDegrees>120.89225006103516</LongitudeDegrees></Position></Trackpoint><Trackpoint><Time>2026-03-22T19:52:54.000Z</Time><Position><LatitudeDegrees>24.694442749023438</LatitudeDegrees><LongitudeDegrees>120.89221954345703</LongitudeDegrees></Position></Trackpoint><Trackpoint><Time>2026-03-22T19:52:55.000Z</Time><Position><LatitudeDegrees>24.69444465637207</LatitudeDegrees><LongitudeDegrees>120.89219665527344</LongitudeDegrees></Position></Trackpoint><Trackpoint><Time>2026-03-22T19:52:56.000Z</Time><Position><LatitudeDegrees>24.694442749023438</LatitudeDegrees><LongitudeDegrees>120.89216613769531</LongitudeDegrees></Position></Trackpoint><Trackpoint><Time>2026-03-22T19:52:57.000Z</Time><Position><LatitudeDegrees>24.69444465637207</LatitudeDegrees><LongitudeDegrees>120.89214324951172</LongitudeDegrees></Position></Trackpoint><Trackpoint><Time>2026-03-22T19:52:58.000Z</Time><Position><LatitudeDegrees>24.694448471069336</LatitudeDegrees><LongitudeDegrees>120.8921127319336</LongitudeDegrees></Position></Trackpoint><Trackpoint><Time>2026-03-22T19:52:59.000Z</Time><Position><LatitudeDegrees>24.694459915161133</LatitudeDegrees><LongitudeDegrees>120.89208984375</LongitudeDegrees></Position></Trackpoint><Trackpoint><Time>2026-03-22T19:53:00.000Z</Time><Position><LatitudeDegrees>24.694467544555664</LatitudeDegrees><LongitudeDegrees>120.8920669555664</LongitudeDegrees></Position></Trackpoint><Trackpoint><Time>2026-03-22T19:53:01.000Z</Time><Position><LatitudeDegrees>24.69447135925293</LatitudeDegrees><LongitudeDegrees>120.89204406738281</LongitudeDegrees></Position></Trackpoint><Trackpoint><Time>2026-03-22T19:53:02.000Z</Time><Position><LatitudeDegrees>24.694469451904297</LatitudeDegrees><LongitudeDegrees>120.89202117919922</LongitudeDegrees></Position></Trackpoint><Trackpoint><Time>2026-03-22T19:53:03.000Z</Time><Position><LatitudeDegrees>24.69446563720703</LatitudeDegrees><LongitudeDegrees>120.8919906616211</LongitudeDegrees></Position></Trackpoint><Trackpoint><Time>2026-03-22T19:53:04.000Z</Time><Position><LatitudeDegrees>24.694459915161133</LatitudeDegrees><LongitudeDegrees>120.8919677734375</LongitudeDegrees></Position></Trackpoint><Trackpoint><Time>2026-03-22T19:53:05.000Z</Time><Position><LatitudeDegrees>24.694459915161133</LatitudeDegrees><LongitudeDegrees>120.8919448852539</LongitudeDegrees></Position></Trackpoint><Trackpoint><Time>2026-03-22T19:53:06.000Z</Time><Position><LatitudeDegrees>24.694459915161133</LatitudeDegrees><LongitudeDegrees>120.89192199707031</LongitudeDegrees></Position></Trackpoint><Trackpoint><Time>2026-03-22T19:53:07.000Z</Time><Position><LatitudeDegrees>24.694459915161133</LatitudeDegrees><LongitudeDegrees>120.89189147949219</LongitudeDegrees></Position></Trackpoint><Trackpoint><Time>2026-03-22T19:53:08.000Z</Time><Position><LatitudeDegrees>24.694454193115234</LatitudeDegrees><LongitudeDegrees>120.8918685913086</LongitudeDegrees></Position></Trackpoint><Trackpoint><Time>2026-03-22T19:53:09.000Z</Time><Position><LatitudeDegrees>24.69444465637207</LatitudeDegrees><LongitudeDegrees>120.89183807373047</LongitudeDegrees></Position></Trackpoint><Trackpoint><Time>2026-03-22T19:53:10.000Z</Time><Position><LatitudeDegrees>24.694433212280273</LatitudeDegrees><LongitudeDegrees>120.89181518554688</LongitudeDegrees></Position></Trackpoint><Trackpoint><Time>2026-03-22T19:53:11.000Z</Time><Position><LatitudeDegrees>24.694429397583008</LatitudeDegrees><LongitudeDegrees>120.89179229736328</LongitudeDegrees></Position></Trackpoint><Trackpoint><Time>2026-03-22T19:53:12.000Z</Time><Position><LatitudeDegrees>24.694427490234375</LatitudeDegrees><LongitudeDegrees>120.89176177978516</LongitudeDegrees></Position></Trackpoint><Trackpoint><Time>2026-03-22T19:53:13.000Z</Time><Position><LatitudeDegrees>24.694427490234375</LatitudeDegrees><LongitudeDegrees>120.89173889160156</LongitudeDegrees></Position></Trackpoint><Trackpoint><Time>2026-03-22T19:53:14.000Z</Time><Position><LatitudeDegrees>24.694425582885742</LatitudeDegrees><LongitudeDegrees>120.89171600341797</LongitudeDegrees></Position></Trackpoint><Trackpoint><Time>2026-03-22T19:53:15.000Z</Time><Position><LatitudeDegrees>24.69442367553711</LatitudeDegrees><LongitudeDegrees>120.89168548583984</LongitudeDegrees></Position></Trackpoint><Trackpoint><Time>2026-03-22T19:53:16.000Z</Time><Position><LatitudeDegrees>24.694421768188477</LatitudeDegrees><LongitudeDegrees>120.89166259765625</LongitudeDegrees></Position></Trackpoint><Trackpoint><Time>2026-03-22T19:53:17.000Z</Time><Position><LatitudeDegrees>24.69441795349121</LatitudeDegrees><LongitudeDegrees>120.89163208007812</LongitudeDegrees></Position></Trackpoint><Trackpoint><Time>2026-03-22T19:53:18.000Z</Time><Position><LatitudeDegrees>24.694419860839844</LatitudeDegrees><LongitudeDegrees>120.89160919189453</LongitudeDegrees></Position></Trackpoint><Trackpoint><Time>2026-03-22T19:53:19.000Z</Time><Position><LatitudeDegrees>24.69441795349121</LatitudeDegrees><LongitudeDegrees>120.89158630371094</LongitudeDegrees></Position></Trackpoint><Trackpoint><Time>2026-03-22T19:53:20.000Z</Time><Position><LatitudeDegrees>24.694421768188477</LatitudeDegrees><LongitudeDegrees>120.89155578613281</LongitudeDegrees></Position></Trackpoint><Trackpoint><Time>2026-03-22T19:53:21.000Z</Time><Position><LatitudeDegrees>24.694425582885742</LatitudeDegrees><LongitudeDegrees>120.89153289794922</LongitudeDegrees></Position></Trackpoint><Trackpoint><Time>2026-03-22T19:53:22.000Z</Time><Position><LatitudeDegrees>24.694427490234375</LatitudeDegrees><LongitudeDegrees>120.8915023803711</LongitudeDegrees></Position></Trackpoint><Trackpoint><Time>2026-03-22T19:53:23.000Z</Time><Position><LatitudeDegrees>24.694427490234375</LatitudeDegrees><LongitudeDegrees>120.89147186279297</LongitudeDegrees></Position></Trackpoint><Trackpoint><Time>2026-03-22T19:53:24.000Z</Time><Position><LatitudeDegrees>24.694425582885742</LatitudeDegrees><LongitudeDegrees>120.89144134521484</LongitudeDegrees></Position></Trackpoint><Trackpoint><Time>2026-03-22T19:53:25.000Z</Time><Position><LatitudeDegrees>24.694427490234375</LatitudeDegrees><LongitudeDegrees>120.89141082763672</LongitudeDegrees></Position></Trackpoint><Trackpoint><Time>2026-03-22T19:53:26.000Z</Time><Position><LatitudeDegrees>24.694427490234375</LatitudeDegrees><LongitudeDegrees>120.8913803100586</LongitudeDegrees></Position></Trackpoint><Trackpoint><Time>2026-03-22T19:53:27.000Z</Time><Position><LatitudeDegrees>24.69443130493164</LatitudeDegrees><LongitudeDegrees>120.89134979248047</LongitudeDegrees></Position></Trackpoint><Trackpoint><Time>2026-03-22T19:53:28.000Z</Time><Position><LatitudeDegrees>24.69443130493164</LatitudeDegrees><LongitudeDegrees>120.89131927490234</LongitudeDegrees></Position></Trackpoint><Trackpoint><Time>2026-03-22T19:53:29.000Z</Time><Position><LatitudeDegrees>24.69443130493164</LatitudeDegrees><LongitudeDegrees>120.89128875732422</LongitudeDegrees></Position></Trackpoint><Trackpoint><Time>2026-03-22T19:53:30.000Z</Time><Position><LatitudeDegrees>24.69443130493164</LatitudeDegrees><LongitudeDegrees>120.89126586914062</LongitudeDegrees></Position></Trackpoint><Trackpoint><Time>2026-03-22T19:53:31.000Z</Time><Position><LatitudeDegrees>24.694425582885742</LatitudeDegrees><LongitudeDegrees>120.8912353515625</LongitudeDegrees></Position></Trackpoint><Trackpoint><Time>2026-03-22T19:53:32.000Z</Time><Position><LatitudeDegrees>24.69440269470215</LatitudeDegrees><LongitudeDegrees>120.89122009277344</LongitudeDegrees></Position></Trackpoint><Trackpoint><Time>2026-03-22T19:53:33.000Z</Time><Position><LatitudeDegrees>24.694387435913086</LatitudeDegrees><LongitudeDegrees>120.89120483398438</LongitudeDegrees></Position></Trackpoint><Trackpoint><Time>2026-03-22T19:53:34.000Z</Time><Position><LatitudeDegrees>24.694372177124023</LatitudeDegrees><LongitudeDegrees>120.89118957519531</LongitudeDegrees></Position></Trackpoint><Trackpoint><Time>2026-03-22T19:53:35.000Z</Time><Position><LatitudeDegrees>24.694355010986328</LatitudeDegrees><LongitudeDegrees>120.89117431640625</LongitudeDegrees></Position></Trackpoint><Trackpoint><Time>2026-03-22T19:53:36.000Z</Time><Position><LatitudeDegrees>24.694332122802734</LatitudeDegrees><LongitudeDegrees>120.89116668701172</LongitudeDegrees></Position></Trackpoint><Trackpoint><Time>2026-03-22T19:53:37.000Z</Time><Position><LatitudeDegrees>24.694307327270508</LatitudeDegrees><LongitudeDegrees>120.89115905761719</LongitudeDegrees></Position></Trackpoint><Trackpoint><Time>2026-03-22T19:53:38.000Z</Time><Position><LatitudeDegrees>24.69428253173828</LatitudeDegrees><LongitudeDegrees>120.89115142822266</LongitudeDegrees></Position></Trackpoint><Trackpoint><Time>2026-03-22T19:53:39.000Z</Time><Position><LatitudeDegrees>24.694257736206055</LatitudeDegrees><LongitudeDegrees>120.89115142822266</LongitudeDegrees></Position></Trackpoint><Trackpoint><Time>2026-03-22T19:53:40.000Z</Time><Position><LatitudeDegrees>24.69423484802246</LatitudeDegrees><LongitudeDegrees>120.89115142822266</LongitudeDegrees></Position></Trackpoint><Trackpoint><Time>2026-03-22T19:53:41.000Z</Time><Position><LatitudeDegrees>24.694211959838867</LatitudeDegrees><LongitudeDegrees>120.89115142822266</LongitudeDegrees></Position></Trackpoint><Trackpoint><Time>2026-03-22T19:53:42.000Z</Time><Position><LatitudeDegrees>24.694189071655273</LatitudeDegrees><LongitudeDegrees>120.89115905761719</LongitudeDegrees></Position></Trackpoint><Trackpoint><Time>2026-03-22T19:53:43.000Z</Time><Position><LatitudeDegrees>24.69416618347168</LatitudeDegrees><LongitudeDegrees>120.89115905761719</LongitudeDegrees></Position></Trackpoint><Trackpoint><Time>2026-03-22T19:53:44.000Z</Time><Position><LatitudeDegrees>24.694143295288086</LatitudeDegrees><LongitudeDegrees>120.89116668701172</LongitudeDegrees></Position></Trackpoint><Trackpoint><Time>2026-03-22T19:53:45.000Z</Time><Position><LatitudeDegrees>24.694120407104492</LatitudeDegrees><LongitudeDegrees>120.89115905761719</LongitudeDegrees></Position></Trackpoint><Trackpoint><Time>2026-03-22T19:53:46.000Z</Time><Position><LatitudeDegrees>24.69409942626953</LatitudeDegrees><LongitudeDegrees>120.89115142822266</LongitudeDegrees></Position></Trackpoint><Trackpoint><Time>2026-03-22T19:53:47.000Z</Time><Position><LatitudeDegrees>24.694082260131836</LatitudeDegrees><LongitudeDegrees>120.89112854003906</LongitudeDegrees></Position></Trackpoint><Trackpoint><Time>2026-03-22T19:53:48.000Z</Time><Position><LatitudeDegrees>24.69406509399414</LatitudeDegrees><LongitudeDegrees>120.89111328125</LongitudeDegrees></Position></Trackpoint><Trackpoint><Time>2026-03-22T19:53:49.000Z</Time><Position><LatitudeDegrees>24.694049835205078</LatitudeDegrees><LongitudeDegrees>120.89109802246094</LongitudeDegrees></Position></Trackpoint><Trackpoint><Time>2026-03-22T19:53:50.000Z</Time><Position><LatitudeDegrees>24.694028854370117</LatitudeDegrees><LongitudeDegrees>120.89108276367188</LongitudeDegrees></Position></Trackpoint><Trackpoint><Time>2026-03-22T19:53:51.000Z</Time><Position><LatitudeDegrees>24.69400405883789</LatitudeDegrees><LongitudeDegrees>120.89107513427734</LongitudeDegrees></Position></Trackpoint><Trackpoint><Time>2026-03-22T19:53:52.000Z</Time><Position><LatitudeDegrees>24.693979263305664</LatitudeDegrees><LongitudeDegrees>120.89107513427734</LongitudeDegrees></Position></Trackpoint><Trackpoint><Time>2026-03-22T19:53:53.000Z</Time><Position><LatitudeDegrees>24.693952560424805</LatitudeDegrees><LongitudeDegrees>120.89108276367188</LongitudeDegrees></Position></Trackpoint><Trackpoint><Time>2026-03-22T19:53:54.000Z</Time><Position><LatitudeDegrees>24.693927764892578</LatitudeDegrees><LongitudeDegrees>120.8910903930664</LongitudeDegrees></Position></Trackpoint><Trackpoint><Time>2026-03-22T19:53:55.000Z</Time><Position><LatitudeDegrees>24.693904876708984</LatitudeDegrees><LongitudeDegrees>120.8910903930664</LongitudeDegrees></Position></Trackpoint><Trackpoint><Time>2026-03-22T19:53:56.000Z</Time><Position><LatitudeDegrees>24.69388198852539</LatitudeDegrees><LongitudeDegrees>120.8910903930664</LongitudeDegrees></Position></Trackpoint><Trackpoint><Time>2026-03-22T19:53:57.000Z</Time><Position><LatitudeDegrees>24.693859100341797</LatitudeDegrees><LongitudeDegrees>120.8910903930664</LongitudeDegrees></Position></Trackpoint><Trackpoint><Time>2026-03-22T19:53:58.000Z</Time><Position><LatitudeDegrees>24.693838119506836</LatitudeDegrees><LongitudeDegrees>120.8910903930664</LongitudeDegrees></Position></Trackpoint><Trackpoint><Time>2026-03-22T19:53:59.000Z</Time><Position><LatitudeDegrees>24.693815231323242</LatitudeDegrees><LongitudeDegrees>120.8910903930664</LongitudeDegrees></Position></Trackpoint><Trackpoint><Time>2026-03-22T19:54:00.000Z</Time><Position><LatitudeDegrees>24.69379234313965</LatitudeDegrees><LongitudeDegrees>120.89109802246094</LongitudeDegrees></Position></Trackpoint><Trackpoint><Time>2026-03-22T19:54:01.000Z</Time><Position><LatitudeDegrees>24.693769454956055</LatitudeDegrees><LongitudeDegrees>120.89109802246094</LongitudeDegrees></Position></Trackpoint><Trackpoint><Time>2026-03-22T19:54:02.000Z</Time><Position><LatitudeDegrees>24.69374656677246</LatitudeDegrees><LongitudeDegrees>120.89109802246094</LongitudeDegrees></Position></Trackpoint><Trackpoint><Time>2026-03-22T19:54:03.000Z</Time><Position><LatitudeDegrees>24.6937255859375</LatitudeDegrees><LongitudeDegrees>120.89109802246094</LongitudeDegrees></Position></Trackpoint><Trackpoint><Time>2026-03-22T19:54:04.000Z</Time><Position><LatitudeDegrees>24.693702697753906</LatitudeDegrees><LongitudeDegrees>120.89110565185547</LongitudeDegrees></Position></Trackpoint><Trackpoint><Time>2026-03-22T19:54:05.000Z</Time><Position><LatitudeDegrees>24.693681716918945</LatitudeDegrees><LongitudeDegrees>120.89110565185547</LongitudeDegrees></Position></Trackpoint><Trackpoint><Time>2026-03-22T19:54:06.000Z</Time><Position><LatitudeDegrees>24.69365882873535</LatitudeDegrees><LongitudeDegrees>120.89110565185547</LongitudeDegrees></Position></Trackpoint><Trackpoint><Time>2026-03-22T19:54:07.000Z</Time><Position><LatitudeDegrees>24.69363784790039</LatitudeDegrees><LongitudeDegrees>120.89110565185547</LongitudeDegrees></Position></Trackpoint><Trackpoint><Time>2026-03-22T19:54:08.000Z</Time><Position><LatitudeDegrees>24.69361686706543</LatitudeDegrees><LongitudeDegrees>120.89110565185547</LongitudeDegrees></Position></Trackpoint><Trackpoint><Time>2026-03-22T19:54:09.000Z</Time><Position><LatitudeDegrees>24.69359588623047</LatitudeDegrees><LongitudeDegrees>120.89111328125</LongitudeDegrees></Position></Trackpoint><Trackpoint><Time>2026-03-22T19:54:10.000Z</Time><Position><LatitudeDegrees>24.693574905395508</LatitudeDegrees><LongitudeDegrees>120.89112091064453</LongitudeDegrees></Position></Trackpoint><Trackpoint><Time>2026-03-22T19:54:11.000Z</Time><Position><LatitudeDegrees>24.693552017211914</LatitudeDegrees><LongitudeDegrees>120.89112091064453</LongitudeDegrees></Position></Trackpoint><Trackpoint><Time>2026-03-22T19:54:12.000Z</Time><Position><LatitudeDegrees>24.693531036376953</LatitudeDegrees><LongitudeDegrees>120.89112091064453</LongitudeDegrees></Position></Trackpoint><Trackpoint><Time>2026-03-22T19:54:13.000Z</Time><Position><LatitudeDegrees>24.69350814819336</LatitudeDegrees><LongitudeDegrees>120.89112091064453</LongitudeDegrees></Position></Trackpoint><Trackpoint><Time>2026-03-22T19:54:14.000Z</Time><Position><LatitudeDegrees>24.69348907470703</LatitudeDegrees><LongitudeDegrees>120.89112091064453</LongitudeDegrees></Position></Trackpoint><Trackpoint><Time>2026-03-22T19:54:15.000Z</Time><Position><LatitudeDegrees>24.69346809387207</LatitudeDegrees><LongitudeDegrees>120.89112091064453</LongitudeDegrees></Position></Trackpoint><Trackpoint><Time>2026-03-22T19:54:16.000Z</Time><Position><LatitudeDegrees>24.69344711303711</LatitudeDegrees><LongitudeDegrees>120.89112091064453</LongitudeDegrees></Position></Trackpoint><Trackpoint><Time>2026-03-22T19:54:17.000Z</Time><Position><LatitudeDegrees>24.69342613220215</LatitudeDegrees><LongitudeDegrees>120.89112854003906</LongitudeDegrees></Position></Trackpoint><Trackpoint><Time>2026-03-22T19:54:18.000Z</Time><Position><LatitudeDegrees>24.693405151367188</LatitudeDegrees><LongitudeDegrees>120.8911361694336</LongitudeDegrees></Position></Trackpoint><Trackpoint><Time>2026-03-22T19:54:19.000Z</Time><Position><LatitudeDegrees>24.69339370727539</LatitudeDegrees><LongitudeDegrees>120.89115142822266</LongitudeDegrees></Position></Trackpoint><Trackpoint><Time>2026-03-22T19:54:20.000Z</Time><Position><LatitudeDegrees>24.693382263183594</LatitudeDegrees><LongitudeDegrees>120.89116668701172</LongitudeDegrees></Position></Trackpoint><Trackpoint><Time>2026-03-22T19:54:21.000Z</Time><Position><LatitudeDegrees>24.693376541137695</LatitudeDegrees><LongitudeDegrees>120.89118194580078</LongitudeDegrees></Position></Trackpoint><Trackpoint><Time>2026-03-22T19:54:22.000Z</Time><Position><LatitudeDegrees>24.6933650970459</LatitudeDegrees><LongitudeDegrees>120.89118194580078</LongitudeDegrees></Position></Trackpoint><Trackpoint><Time>2026-03-22T19:54:23.000Z</Time><Position><LatitudeDegrees>24.693347930908203</LatitudeDegrees><LongitudeDegrees>120.89118957519531</LongitudeDegrees></Position></Trackpoint><Trackpoint><Time>2026-03-22T19:54:24.000Z</Time><Position><LatitudeDegrees>24.693328857421875</LatitudeDegrees><LongitudeDegrees>120.89119720458984</LongitudeDegrees></Position></Trackpoint><Trackpoint><Time>2026-03-22T19:54:25.000Z</Time><Position><LatitudeDegrees>24.69330596923828</LatitudeDegrees><LongitudeDegrees>120.89120483398438</LongitudeDegrees></Position></Trackpoint><Trackpoint><Time>2026-03-22T19:54:26.000Z</Time><Position><LatitudeDegrees>24.693281173706055</LatitudeDegrees><LongitudeDegrees>120.89120483398438</LongitudeDegrees></Position></Trackpoint><Trackpoint><Time>2026-03-22T19:54:27.000Z</Time><Position><LatitudeDegrees>24.69325828552246</LatitudeDegrees><LongitudeDegrees>120.89119720458984</LongitudeDegrees></Position></Trackpoint><Trackpoint><Time>2026-03-22T19:54:28.000Z</Time><Position><LatitudeDegrees>24.693239212036133</LatitudeDegrees><LongitudeDegrees>120.89118957519531</LongitudeDegrees></Position></Trackpoint><Trackpoint><Time>2026-03-22T19:54:29.000Z</Time><Position><LatitudeDegrees>24.693220138549805</LatitudeDegrees><LongitudeDegrees>120.89118194580078</LongitudeDegrees></Position></Trackpoint><Trackpoint><Time>2026-03-22T19:54:30.000Z</Time><Position><LatitudeDegrees>24.693201065063477</LatitudeDegrees><LongitudeDegrees>120.89117431640625</LongitudeDegrees></Position></Trackpoint><Trackpoint><Time>2026-03-22T19:54:31.000Z</Time><Position><LatitudeDegrees>24.693178176879883</LatitudeDegrees><LongitudeDegrees>120.89115905761719</LongitudeDegrees></Position></Trackpoint><Trackpoint><Time>2026-03-22T19:54:32.000Z</Time><Position><LatitudeDegrees>24.693157196044922</LatitudeDegrees><LongitudeDegrees>120.89115142822266</LongitudeDegrees></Position></Trackpoint><Trackpoint><Time>2026-03-22T19:54:33.000Z</Time><Position><LatitudeDegrees>24.693138122558594</LatitudeDegrees><LongitudeDegrees>120.8911361694336</LongitudeDegrees></Position></Trackpoint><Trackpoint><Time>2026-03-22T19:54:34.000Z</Time><Position><LatitudeDegrees>24.693119049072266</LatitudeDegrees><LongitudeDegrees>120.8911361694336</LongitudeDegrees></Position></Trackpoint><Trackpoint><Time>2026-03-22T19:54:35.000Z</Time><Position><LatitudeDegrees>24.693096160888672</LatitudeDegrees><LongitudeDegrees>120.8911361694336</LongitudeDegrees></Position></Trackpoint><Trackpoint><Time>2026-03-22T19:54:36.000Z</Time><Position><LatitudeDegrees>24.693069458007812</LatitudeDegrees><LongitudeDegrees>120.89112854003906</LongitudeDegrees></Position></Trackpoint><Trackpoint><Time>2026-03-22T19:54:37.000Z</Time><Position><LatitudeDegrees>24.69304847717285</LatitudeDegrees><LongitudeDegrees>120.89112091064453</LongitudeDegrees></Position></Trackpoint><Trackpoint><Time>2026-03-22T19:54:38.000Z</Time><Position><LatitudeDegrees>24.693031311035156</LatitudeDegrees><LongitudeDegrees>120.89111328125</LongitudeDegrees></Position></Trackpoint><Trackpoint><Time>2026-03-22T19:54:39.000Z</Time><Position><LatitudeDegrees>24.693012237548828</LatitudeDegrees><LongitudeDegrees>120.89111328125</LongitudeDegrees></Position></Trackpoint><Trackpoint><Time>2026-03-22T19:54:40.000Z</Time><Position><LatitudeDegrees>24.6929931640625</LatitudeDegrees><LongitudeDegrees>120.89111328125</LongitudeDegrees></Position></Trackpoint><Trackpoint><Time>2026-03-22T19:54:41.000Z</Time><Position><LatitudeDegrees>24.69297218322754</LatitudeDegrees><LongitudeDegrees>120.89111328125</LongitudeDegrees></Position></Trackpoint><Trackpoint><Time>2026-03-22T19:54:42.000Z</Time><Position><LatitudeDegrees>24.692947387695312</LatitudeDegrees><LongitudeDegrees>120.89111328125</LongitudeDegrees></Position></Trackpoint><Trackpoint><Time>2026-03-22T19:54:43.000Z</Time><Position><LatitudeDegrees>24.69292449951172</LatitudeDegrees><LongitudeDegrees>120.89111328125</LongitudeDegrees></Position></Trackpoint><Trackpoint><Time>2026-03-22T19:54:44.000Z</Time><Position><LatitudeDegrees>24.692899703979492</LatitudeDegrees><LongitudeDegrees>120.89111328125</LongitudeDegrees></Position></Trackpoint><Trackpoint><Time>2026-03-22T19:54:45.000Z</Time><Position><LatitudeDegrees>24.692874908447266</LatitudeDegrees><LongitudeDegrees>120.89110565185547</LongitudeDegrees></Position></Trackpoint><Trackpoint><Time>2026-03-22T19:54:46.000Z</Time><Position><LatitudeDegrees>24.692853927612305</LatitudeDegrees><LongitudeDegrees>120.89110565185547</LongitudeDegrees></Position></Trackpoint><Trackpoint><Time>2026-03-22T19:54:47.000Z</Time><Position><LatitudeDegrees>24.692829132080078</LatitudeDegrees><LongitudeDegrees>120.89109802246094</LongitudeDegrees></Position></Trackpoint><Trackpoint><Time>2026-03-22T19:54:48.000Z</Time><Position><LatitudeDegrees>24.692806243896484</LatitudeDegrees><LongitudeDegrees>120.89109802246094</LongitudeDegrees></Position></Trackpoint><Trackpoint><Time>2026-03-22T19:54:49.000Z</Time><Position><LatitudeDegrees>24.692785263061523</LatitudeDegrees><LongitudeDegrees>120.89109802246094</LongitudeDegrees></Position></Trackpoint><Trackpoint><Time>2026-03-22T19:54:50.000Z</Time><Position><LatitudeDegrees>24.692764282226562</LatitudeDegrees><LongitudeDegrees>120.89109802246094</LongitudeDegrees></Position></Trackpoint><Trackpoint><Time>2026-03-22T19:54:51.000Z</Time><Position><LatitudeDegrees>24.6927433013916</LatitudeDegrees><LongitudeDegrees>120.89109802246094</LongitudeDegrees></Position></Trackpoint><Trackpoint><Time>2026-03-22T19:54:52.000Z</Time><Position><LatitudeDegrees>24.692720413208008</LatitudeDegrees><LongitudeDegrees>120.89109802246094</LongitudeDegrees></Position></Trackpoint><Trackpoint><Time>2026-03-22T19:54:53.000Z</Time><Position><LatitudeDegrees>24.692699432373047</LatitudeDegrees><LongitudeDegrees>120.89109802246094</LongitudeDegrees></Position></Trackpoint><Trackpoint><Time>2026-03-22T19:54:54.000Z</Time><Position><LatitudeDegrees>24.692676544189453</LatitudeDegrees><LongitudeDegrees>120.89110565185547</LongitudeDegrees></Position></Trackpoint><Trackpoint><Time>2026-03-22T19:54:55.000Z</Time><Position><LatitudeDegrees>24.692655563354492</LatitudeDegrees><LongitudeDegrees>120.89111328125</LongitudeDegrees></Position></Trackpoint><Trackpoint><Time>2026-03-22T19:54:56.000Z</Time><Position><LatitudeDegrees>24.69263458251953</LatitudeDegrees><LongitudeDegrees>120.89112091064453</LongitudeDegrees></Position></Trackpoint><Trackpoint><Time>2026-03-22T19:54:57.000Z</Time><Position><LatitudeDegrees>24.69261360168457</LatitudeDegrees><LongitudeDegrees>120.89112854003906</LongitudeDegrees></Position></Trackpoint><Trackpoint><Time>2026-03-22T19:54:58.000Z</Time><Position><LatitudeDegrees>24.692590713500977</LatitudeDegrees><LongitudeDegrees>120.8911361694336</LongitudeDegrees></Position></Trackpoint><Trackpoint><Time>2026-03-22T19:54:59.000Z</Time><Position><LatitudeDegrees>24.692567825317383</LatitudeDegrees><LongitudeDegrees>120.8911361694336</LongitudeDegrees></Position></Trackpoint><Trackpoint><Time>2026-03-22T19:55:00.000Z</Time><Position><LatitudeDegrees>24.69254493713379</LatitudeDegrees><LongitudeDegrees>120.89114379882812</LongitudeDegrees></Position></Trackpoint><Trackpoint><Time>2026-03-22T19:55:01.000Z</Time><Position><LatitudeDegrees>24.692523956298828</LatitudeDegrees><LongitudeDegrees>120.89114379882812</LongitudeDegrees></Position></Trackpoint><Trackpoint><Time>2026-03-22T19:55:02.000Z</Time><Position><LatitudeDegrees>24.692501068115234</LatitudeDegrees><LongitudeDegrees>120.89115142822266</LongitudeDegrees></Position></Trackpoint><Trackpoint><Time>2026-03-22T19:55:03.000Z</Time><Position><LatitudeDegrees>24.69247817993164</LatitudeDegrees><LongitudeDegrees>120.89114379882812</LongitudeDegrees></Position></Trackpoint><Trackpoint><Time>2026-03-22T19:55:04.000Z</Time><Position><LatitudeDegrees>24.692455291748047</LatitudeDegrees><LongitudeDegrees>120.89115142822266</LongitudeDegrees></Position></Trackpoint><Trackpoint><Time>2026-03-22T19:55:05.000Z</Time><Position><LatitudeDegrees>24.692432403564453</LatitudeDegrees><LongitudeDegrees>120.89114379882812</LongitudeDegrees></Position></Trackpoint><Trackpoint><Time>2026-03-22T19:55:06.000Z</Time><Position><LatitudeDegrees>24.692413330078125</LatitudeDegrees><LongitudeDegrees>120.89114379882812</LongitudeDegrees></Position></Trackpoint><Trackpoint><Time>2026-03-22T19:55:07.000Z</Time><Position><LatitudeDegrees>24.69239044189453</LatitudeDegrees><LongitudeDegrees>120.89114379882812</LongitudeDegrees></Position></Trackpoint><Trackpoint><Time>2026-03-22T19:55:08.000Z</Time><Position><LatitudeDegrees>24.69236946105957</LatitudeDegrees><LongitudeDegrees>120.89114379882812</LongitudeDegrees></Position></Trackpoint><Trackpoint><Time>2026-03-22T19:55:09.000Z</Time><Position><LatitudeDegrees>24.692346572875977</LatitudeDegrees><LongitudeDegrees>120.89114379882812</LongitudeDegrees></Position></Trackpoint><Trackpoint><Time>2026-03-22T19:55:10.000Z</Time><Position><LatitudeDegrees>24.692323684692383</LatitudeDegrees><LongitudeDegrees>120.89114379882812</LongitudeDegrees></Position></Trackpoint><Trackpoint><Time>2026-03-22T19:55:11.000Z</Time><Position><LatitudeDegrees>24.69230079650879</LatitudeDegrees><LongitudeDegrees>120.89114379882812</LongitudeDegrees></Position></Trackpoint><Trackpoint><Time>2026-03-22T19:55:12.000Z</Time><Position><LatitudeDegrees>24.692279815673828</LatitudeDegrees><LongitudeDegrees>120.89114379882812</LongitudeDegrees></Position></Trackpoint><Trackpoint><Time>2026-03-22T19:55:13.000Z</Time><Position><LatitudeDegrees>24.692256927490234</LatitudeDegrees><LongitudeDegrees>120.89114379882812</LongitudeDegrees></Position></Trackpoint><Trackpoint><Time>2026-03-22T19:55:14.000Z</Time><Position><LatitudeDegrees>24.692237854003906</LatitudeDegrees><LongitudeDegrees>120.89114379882812</LongitudeDegrees></Position></Trackpoint><Trackpoint><Time>2026-03-22T19:55:15.000Z</Time><Position><LatitudeDegrees>24.692214965820312</LatitudeDegrees><LongitudeDegrees>120.8911361694336</LongitudeDegrees></Position></Trackpoint><Trackpoint><Time>2026-03-22T19:55:16.000Z</Time><Position><LatitudeDegrees>24.692195892333984</LatitudeDegrees><LongitudeDegrees>120.8911361694336</LongitudeDegrees></Position></Trackpoint><Trackpoint><Time>2026-03-22T19:55:17.000Z</Time><Position><LatitudeDegrees>24.69217300415039</LatitudeDegrees><LongitudeDegrees>120.8911361694336</LongitudeDegrees></Position></Trackpoint><Trackpoint><Time>2026-03-22T19:55:18.000Z</Time><Position><LatitudeDegrees>24.692150115966797</LatitudeDegrees><LongitudeDegrees>120.89112854003906</LongitudeDegrees></Position></Trackpoint><Trackpoint><Time>2026-03-22T19:55:19.000Z</Time><Position><LatitudeDegrees>24.692129135131836</LatitudeDegrees><LongitudeDegrees>120.8911361694336</LongitudeDegrees></Position></Trackpoint><Trackpoint><Time>2026-03-22T19:55:20.000Z</Time><Position><LatitudeDegrees>24.692106246948242</LatitudeDegrees><LongitudeDegrees>120.8911361694336</LongitudeDegrees></Position></Trackpoint><Trackpoint><Time>2026-03-22T19:55:21.000Z</Time><Position><LatitudeDegrees>24.692087173461914</LatitudeDegrees><LongitudeDegrees>120.89114379882812</LongitudeDegrees></Position></Trackpoint><Trackpoint><Time>2026-03-22T19:55:22.000Z</Time><Position><LatitudeDegrees>24.692068099975586</LatitudeDegrees><LongitudeDegrees>120.89114379882812</LongitudeDegrees></Position></Trackpoint><Trackpoint><Time>2026-03-22T19:55:23.000Z</Time><Position><LatitudeDegrees>24.692047119140625</LatitudeDegrees><LongitudeDegrees>120.89114379882812</LongitudeDegrees></Position></Trackpoint><Trackpoint><Time>2026-03-22T19:55:24.000Z</Time><Position><LatitudeDegrees>24.692026138305664</LatitudeDegrees><LongitudeDegrees>120.8911361694336</LongitudeDegrees></Position></Trackpoint><Trackpoint><Time>2026-03-22T19:55:25.000Z</Time><Position><LatitudeDegrees>24.692005157470703</LatitudeDegrees><LongitudeDegrees>120.89114379882812</LongitudeDegrees></Position></Trackpoint><Trackpoint><Time>2026-03-22T19:55:26.000Z</Time><Position><LatitudeDegrees>24.691984176635742</LatitudeDegrees><LongitudeDegrees>120.89114379882812</LongitudeDegrees></Position></Trackpoint><Trackpoint><Time>2026-03-22T19:55:27.000Z</Time><Position><LatitudeDegrees>24.69196319580078</LatitudeDegrees><LongitudeDegrees>120.89114379882812</LongitudeDegrees></Position></Trackpoint><Trackpoint><Time>2026-03-22T19:55:28.000Z</Time><Position><LatitudeDegrees>24.69194221496582</LatitudeDegrees><LongitudeDegrees>120.89114379882812</LongitudeDegrees></Position></Trackpoint><Trackpoint><Time>2026-03-22T19:55:29.000Z</Time><Position><LatitudeDegrees>24.691923141479492</LatitudeDegrees><LongitudeDegrees>120.89114379882812</LongitudeDegrees></Position></Trackpoint><Trackpoint><Time>2026-03-22T19:55:30.000Z</Time><Position><LatitudeDegrees>24.691905975341797</LatitudeDegrees><LongitudeDegrees>120.89115142822266</LongitudeDegrees></Position></Trackpoint><Trackpoint><Time>2026-03-22T19:55:31.000Z</Time><Position><LatitudeDegrees>24.691890716552734</LatitudeDegrees><LongitudeDegrees>120.89116668701172</LongitudeDegrees></Position></Trackpoint><Trackpoint><Time>2026-03-22T19:55:32.000Z</Time><Position><LatitudeDegrees>24.691884994506836</LatitudeDegrees><LongitudeDegrees>120.89117431640625</LongitudeDegrees></Position></Trackpoint><Trackpoint><Time>2026-03-22T19:55:33.000Z</Time><Position><LatitudeDegrees>24.691879272460938</LatitudeDegrees><LongitudeDegrees>120.89118194580078</LongitudeDegrees></Position></Trackpoint><Trackpoint><Time>2026-03-22T19:55:34.000Z</Time><Position><LatitudeDegrees>24.69187355041504</LatitudeDegrees><LongitudeDegrees>120.89118957519531</LongitudeDegrees></Position></Trackpoint><Trackpoint><Time>2026-03-22T19:55:35.000Z</Time><Position><LatitudeDegrees>24.691865921020508</LatitudeDegrees><LongitudeDegrees>120.89119720458984</LongitudeDegrees></Position></Trackpoint><Trackpoint><Time>2026-03-22T19:55:36.000Z</Time><Position><LatitudeDegrees>24.691856384277344</LatitudeDegrees><LongitudeDegrees>120.89119720458984</LongitudeDegrees></Position></Trackpoint><Trackpoint><Time>2026-03-22T19:55:37.000Z</Time><Position><LatitudeDegrees>24.691844940185547</LatitudeDegrees><LongitudeDegrees>120.89119720458984</LongitudeDegrees></Position></Trackpoint><Trackpoint><Time>2026-03-22T19:55:38.000Z</Time><Position><LatitudeDegrees>24.691835403442383</LatitudeDegrees><LongitudeDegrees>120.89119720458984</LongitudeDegrees></Position></Trackpoint><Trackpoint><Time>2026-03-22T19:55:39.000Z</Time><Position><LatitudeDegrees>24.69182586669922</LatitudeDegrees><LongitudeDegrees>120.89120483398438</LongitudeDegrees></Position></Trackpoint><Trackpoint><Time>2026-03-22T19:55:40.000Z</Time><Position><LatitudeDegrees>24.69182014465332</LatitudeDegrees><LongitudeDegrees>120.8912124633789</LongitudeDegrees></Position></Trackpoint><Trackpoint><Time>2026-03-22T19:55:41.000Z</Time><Position><LatitudeDegrees>24.691816329956055</LatitudeDegrees><LongitudeDegrees>120.89122009277344</LongitudeDegrees></Position></Trackpoint><Trackpoint><Time>2026-03-22T19:55:42.000Z</Time><Position><LatitudeDegrees>24.691818237304688</LatitudeDegrees><LongitudeDegrees>120.89122772216797</LongitudeDegrees></Position></Trackpoint><Trackpoint><Time>2026-03-22T19:55:43.000Z</Time><Position><LatitudeDegrees>24.69182014465332</LatitudeDegrees><LongitudeDegrees>120.89122772216797</LongitudeDegrees></Position></Trackpoint><Trackpoint><Time>2026-03-22T19:55:44.000Z</Time><Position><LatitudeDegrees>24.691822052001953</LatitudeDegrees><LongitudeDegrees>120.89122772216797</LongitudeDegrees></Position></Trackpoint><Trackpoint><Time>2026-03-22T19:55:45.000Z</Time><Position><LatitudeDegrees>24.691808700561523</LatitudeDegrees><LongitudeDegrees>120.8912353515625</LongitudeDegrees></Position></Trackpoint><Trackpoint><Time>2026-03-22T19:55:46.000Z</Time><Position><LatitudeDegrees>24.691804885864258</LatitudeDegrees><LongitudeDegrees>120.8912353515625</LongitudeDegrees></Position></Trackpoint><Trackpoint><Time>2026-03-22T19:55:55.000Z</Time><Position><LatitudeDegrees>24.69180679321289</LatitudeDegrees><LongitudeDegrees>120.8912353515625</LongitudeDegrees></Position></Trackpoint><Trackpoint><Time>2026-03-22T19:56:01.000Z</Time><Position><LatitudeDegrees>24.691808700561523</LatitudeDegrees><LongitudeDegrees>120.8912353515625</LongitudeDegrees></Position></Trackpoint><Trackpoint><Time>2026-03-22T19:56:03.000Z</Time><Position><LatitudeDegrees>24.691808700561523</LatitudeDegrees><LongitudeDegrees>120.89122772216797</LongitudeDegrees></Position></Trackpoint><Trackpoint><Time>2026-03-22T19:56:04.000Z</Time><Position><LatitudeDegrees>24.691804885864258</LatitudeDegrees><LongitudeDegrees>120.89122772216797</LongitudeDegrees></Position></Trackpoint><Trackpoint><Time>2026-03-22T19:56:05.000Z</Time><Position><LatitudeDegrees>24.691795349121094</LatitudeDegrees><LongitudeDegrees>120.89122772216797</LongitudeDegrees></Position></Trackpoint><Trackpoint><Time>2026-03-22T19:56:06.000Z</Time><Position><LatitudeDegrees>24.691781997680664</LatitudeDegrees><LongitudeDegrees>120.89122772216797</LongitudeDegrees></Position></Trackpoint><Trackpoint><Time>2026-03-22T19:56:07.000Z</Time><Position><LatitudeDegrees>24.691768646240234</LatitudeDegrees><LongitudeDegrees>120.8912353515625</LongitudeDegrees></Position></Trackpoint><Trackpoint><Time>2026-03-22T19:56:08.000Z</Time><Position><LatitudeDegrees>24.691757202148438</LatitudeDegrees><LongitudeDegrees>120.8912353515625</LongitudeDegrees></Position></Trackpoint><Trackpoint><Time>2026-03-22T19:56:09.000Z</Time><Position><LatitudeDegrees>24.691743850708008</LatitudeDegrees><LongitudeDegrees>120.89124298095703</LongitudeDegrees></Position></Trackpoint><Trackpoint><Time>2026-03-22T19:56:10.000Z</Time><Position><LatitudeDegrees>24.691734313964844</LatitudeDegrees><LongitudeDegrees>120.89125061035156</LongitudeDegrees></Position></Trackpoint><Trackpoint><Time>2026-03-22T19:56:11.000Z</Time><Position><LatitudeDegrees>24.691720962524414</LatitudeDegrees><LongitudeDegrees>120.89125061035156</LongitudeDegrees></Position></Trackpoint><Trackpoint><Time>2026-03-22T19:56:12.000Z</Time><Position><LatitudeDegrees>24.691709518432617</LatitudeDegrees><LongitudeDegrees>120.89125061035156</LongitudeDegrees></Position></Trackpoint><Trackpoint><Time>2026-03-22T19:56:13.000Z</Time><Position><LatitudeDegrees>24.691707611083984</LatitudeDegrees><LongitudeDegrees>120.89125061035156</LongitudeDegrees></Position></Trackpoint><Trackpoint><Time>2026-03-22T19:56:14.000Z</Time><Position><LatitudeDegrees>24.691701889038086</LatitudeDegrees><LongitudeDegrees>120.89124298095703</LongitudeDegrees></Position></Trackpoint><Trackpoint><Time>2026-03-22T19:56:15.000Z</Time><Position><LatitudeDegrees>24.691694259643555</LatitudeDegrees><LongitudeDegrees>120.89124298095703</LongitudeDegrees></Position></Trackpoint><Trackpoint><Time>2026-03-22T19:56:16.000Z</Time><Position><LatitudeDegrees>24.69168472290039</LatitudeDegrees><LongitudeDegrees>120.8912353515625</LongitudeDegrees></Position></Trackpoint><Trackpoint><Time>2026-03-22T19:56:17.000Z</Time><Position><LatitudeDegrees>24.691675186157227</LatitudeDegrees><LongitudeDegrees>120.8912353515625</LongitudeDegrees></Position></Trackpoint><Trackpoint><Time>2026-03-22T19:56:18.000Z</Time><Position><LatitudeDegrees>24.69166374206543</LatitudeDegrees><LongitudeDegrees>120.89122772216797</LongitudeDegrees></Position></Trackpoint><Trackpoint><Time>2026-03-22T19:56:19.000Z</Time><Position><LatitudeDegrees>24.691654205322266</LatitudeDegrees><LongitudeDegrees>120.89122772216797</LongitudeDegrees></Position></Trackpoint><Trackpoint><Time>2026-03-22T19:56:20.000Z</Time><Position><LatitudeDegrees>24.6916446685791</LatitudeDegrees><LongitudeDegrees>120.89122009277344</LongitudeDegrees></Position></Trackpoint><Trackpoint><Time>2026-03-22T19:56:21.000Z</Time><Position><LatitudeDegrees>24.691633224487305</LatitudeDegrees><LongitudeDegrees>120.89122009277344</LongitudeDegrees></Position></Trackpoint><Trackpoint><Time>2026-03-22T19:56:22.000Z</Time><Position><LatitudeDegrees>24.691621780395508</LatitudeDegrees><LongitudeDegrees>120.8912124633789</LongitudeDegrees></Position></Trackpoint><Trackpoint><Time>2026-03-22T19:56:23.000Z</Time><Position><LatitudeDegrees>24.691612243652344</LatitudeDegrees><LongitudeDegrees>120.89120483398438</LongitudeDegrees></Position></Trackpoint><Trackpoint><Time>2026-03-22T19:56:24.000Z</Time><Position><LatitudeDegrees>24.691600799560547</LatitudeDegrees><LongitudeDegrees>120.89119720458984</LongitudeDegrees></Position></Trackpoint><Trackpoint><Time>2026-03-22T19:56:25.000Z</Time><Position><LatitudeDegrees>24.691591262817383</LatitudeDegrees><LongitudeDegrees>120.89118957519531</LongitudeDegrees></Position></Trackpoint><Trackpoint><Time>2026-03-22T19:56:26.000Z</Time><Position><LatitudeDegrees>24.691577911376953</LatitudeDegrees><LongitudeDegrees>120.89118194580078</LongitudeDegrees></Position></Trackpoint><Trackpoint><Time>2026-03-22T19:56:27.000Z</Time><Position><LatitudeDegrees>24.691566467285156</LatitudeDegrees><LongitudeDegrees>120.89118194580078</LongitudeDegrees></Position></Trackpoint><Trackpoint><Time>2026-03-22T19:56:28.000Z</Time><Position><LatitudeDegrees>24.69155502319336</LatitudeDegrees><LongitudeDegrees>120.89117431640625</LongitudeDegrees></Position></Trackpoint><Trackpoint><Time>2026-03-22T19:56:29.000Z</Time><Position><LatitudeDegrees>24.691543579101562</LatitudeDegrees><LongitudeDegrees>120.89117431640625</LongitudeDegrees></Position></Trackpoint><Trackpoint><Time>2026-03-22T19:56:30.000Z</Time><Position><LatitudeDegrees>24.691532135009766</LatitudeDegrees><LongitudeDegrees>120.89117431640625</LongitudeDegrees></Position></Trackpoint><Trackpoint><Time>2026-03-22T19:56:31.000Z</Time><Position><LatitudeDegrees>24.69152069091797</LatitudeDegrees><LongitudeDegrees>120.89117431640625</LongitudeDegrees></Position></Trackpoint><Trackpoint><Time>2026-03-22T19:56:32.000Z</Time><Position><LatitudeDegrees>24.691509246826172</LatitudeDegrees><LongitudeDegrees>120.89118194580078</LongitudeDegrees></Position></Trackpoint><Trackpoint><Time>2026-03-22T19:56:33.000Z</Time><Position><LatitudeDegrees>24.691497802734375</LatitudeDegrees><LongitudeDegrees>120.89118194580078</LongitudeDegrees></Position></Trackpoint><Trackpoint><Time>2026-03-22T19:56:34.000Z</Time><Position><LatitudeDegrees>24.691486358642578</LatitudeDegrees><LongitudeDegrees>120.89118194580078</LongitudeDegrees></Position></Trackpoint><Trackpoint><Time>2026-03-22T19:56:35.000Z</Time><Position><LatitudeDegrees>24.69147491455078</LatitudeDegrees><LongitudeDegrees>120.89118194580078</LongitudeDegrees></Position></Trackpoint><Trackpoint><Time>2026-03-22T19:56:36.000Z</Time><Position><LatitudeDegrees>24.691463470458984</LatitudeDegrees><LongitudeDegrees>120.89117431640625</LongitudeDegrees></Position></Trackpoint><Trackpoint><Time>2026-03-22T19:56:37.000Z</Time><Position><LatitudeDegrees>24.691450119018555</LatitudeDegrees><LongitudeDegrees>120.89117431640625</LongitudeDegrees></Position></Trackpoint><Trackpoint><Time>2026-03-22T19:56:38.000Z</Time><Position><LatitudeDegrees>24.691438674926758</LatitudeDegrees><LongitudeDegrees>120.89116668701172</LongitudeDegrees></Position></Trackpoint><Trackpoint><Time>2026-03-22T19:56:39.000Z</Time><Position><LatitudeDegrees>24.69142723083496</LatitudeDegrees><LongitudeDegrees>120.89116668701172</LongitudeDegrees></Position></Trackpoint><Trackpoint><Time>2026-03-22T19:56:40.000Z</Time><Position><LatitudeDegrees>24.69141387939453</LatitudeDegrees><LongitudeDegrees>120.89115905761719</LongitudeDegrees></Position></Trackpoint><Trackpoint><Time>2026-03-22T19:56:41.000Z</Time><Position><LatitudeDegrees>24.6914005279541</LatitudeDegrees><LongitudeDegrees>120.89115142822266</LongitudeDegrees></Position></Trackpoint><Trackpoint><Time>2026-03-22T19:56:42.000Z</Time><Position><LatitudeDegrees>24.691389083862305</LatitudeDegrees><LongitudeDegrees>120.89115142822266</LongitudeDegrees></Position></Trackpoint><Trackpoint><Time>2026-03-22T19:56:43.000Z</Time><Position><LatitudeDegrees>24.691373825073242</LatitudeDegrees><LongitudeDegrees>120.89115142822266</LongitudeDegrees></Position></Trackpoint><Trackpoint><Time>2026-03-22T19:56:44.000Z</Time><Position><LatitudeDegrees>24.691362380981445</LatitudeDegrees><LongitudeDegrees>120.89115142822266</LongitudeDegrees></Position></Trackpoint><Trackpoint><Time>2026-03-22T19:56:45.000Z</Time><Position><LatitudeDegrees>24.691349029541016</LatitudeDegrees><LongitudeDegrees>120.89114379882812</LongitudeDegrees></Position></Trackpoint><Trackpoint><Time>2026-03-22T19:56:46.000Z</Time><Position><LatitudeDegrees>24.691335678100586</LatitudeDegrees><LongitudeDegrees>120.89114379882812</LongitudeDegrees></Position></Trackpoint><Trackpoint><Time>2026-03-22T19:56:47.000Z</Time><Position><LatitudeDegrees>24.691320419311523</LatitudeDegrees><LongitudeDegrees>120.89114379882812</LongitudeDegrees></Position></Trackpoint><Trackpoint><Time>2026-03-22T19:56:48.000Z</Time><Position><LatitudeDegrees>24.691303253173828</LatitudeDegrees><LongitudeDegrees>120.89114379882812</LongitudeDegrees></Position></Trackpoint><Trackpoint><Time>2026-03-22T19:56:49.000Z</Time><Position><LatitudeDegrees>24.6912899017334</LatitudeDegrees><LongitudeDegrees>120.89114379882812</LongitudeDegrees></Position></Trackpoint><Trackpoint><Time>2026-03-22T19:56:50.000Z</Time><Position><LatitudeDegrees>24.69127655029297</LatitudeDegrees><LongitudeDegrees>120.89114379882812</LongitudeDegrees></Position></Trackpoint><Trackpoint><Time>2026-03-22T19:56:51.000Z</Time><Position><LatitudeDegrees>24.69126319885254</LatitudeDegrees><LongitudeDegrees>120.89115142822266</LongitudeDegrees></Position></Trackpoint><Trackpoint><Time>2026-03-22T19:56:52.000Z</Time><Position><LatitudeDegrees>24.69124984741211</LatitudeDegrees><LongitudeDegrees>120.89115142822266</LongitudeDegrees></Position></Trackpoint><Trackpoint><Time>2026-03-22T19:56:53.000Z</Time><Position><LatitudeDegrees>24.69123649597168</LatitudeDegrees><LongitudeDegrees>120.89115142822266</LongitudeDegrees></Position></Trackpoint><Trackpoint><Time>2026-03-22T19:56:54.000Z</Time><Position><LatitudeDegrees>24.69122314453125</LatitudeDegrees><LongitudeDegrees>120.89115142822266</LongitudeDegrees></Position></Trackpoint><Trackpoint><Time>2026-03-22T19:56:55.000Z</Time><Position><LatitudeDegrees>24.691205978393555</LatitudeDegrees><LongitudeDegrees>120.89115905761719</LongitudeDegrees></Position></Trackpoint><Trackpoint><Time>2026-03-22T19:56:56.000Z</Time><Position><LatitudeDegrees>24.691190719604492</LatitudeDegrees><LongitudeDegrees>120.89116668701172</LongitudeDegrees></Position></Trackpoint><Trackpoint><Time>2026-03-22T19:56:57.000Z</Time><Position><LatitudeDegrees>24.69117546081543</LatitudeDegrees><LongitudeDegrees>120.89116668701172</LongitudeDegrees></Position></Trackpoint><Trackpoint><Time>2026-03-22T19:56:58.000Z</Time><Position><LatitudeDegrees>24.691162109375</LatitudeDegrees><LongitudeDegrees>120.89116668701172</LongitudeDegrees></Position></Trackpoint><Trackpoint><Time>2026-03-22T19:56:59.000Z</Time><Position><LatitudeDegrees>24.69114875793457</LatitudeDegrees><LongitudeDegrees>120.89116668701172</LongitudeDegrees></Position></Trackpoint><Trackpoint><Time>2026-03-22T19:57:00.000Z</Time><Position><LatitudeDegrees>24.691137313842773</LatitudeDegrees><LongitudeDegrees>120.89116668701172</LongitudeDegrees></Position></Trackpoint><Trackpoint><Time>2026-03-22T19:57:01.000Z</Time><Position><LatitudeDegrees>24.691125869750977</LatitudeDegrees><LongitudeDegrees>120.89116668701172</LongitudeDegrees></Position></Trackpoint><Trackpoint><Time>2026-03-22T19:57:02.000Z</Time><Position><LatitudeDegrees>24.691116333007812</LatitudeDegrees><LongitudeDegrees>120.89115905761719</LongitudeDegrees></Position></Trackpoint><Trackpoint><Time>2026-03-22T19:57:03.000Z</Time><Position><LatitudeDegrees>24.691104888916016</LatitudeDegrees><LongitudeDegrees>120.89115905761719</LongitudeDegrees></Position></Trackpoint><Trackpoint><Time>2026-03-22T19:57:04.000Z</Time><Position><LatitudeDegrees>24.69109535217285</LatitudeDegrees><LongitudeDegrees>120.89115142822266</LongitudeDegrees></Position></Trackpoint><Trackpoint><Time>2026-03-22T19:57:05.000Z</Time><Position><LatitudeDegrees>24.691082000732422</LatitudeDegrees><LongitudeDegrees>120.89115905761719</LongitudeDegrees></Position></Trackpoint><Trackpoint><Time>2026-03-22T19:57:06.000Z</Time><Position><LatitudeDegrees>24.691070556640625</LatitudeDegrees><LongitudeDegrees>120.89115905761719</LongitudeDegrees></Position></Trackpoint><Trackpoint><Time>2026-03-22T19:57:07.000Z</Time><Position><LatitudeDegrees>24.691057205200195</LatitudeDegrees><LongitudeDegrees>120.89116668701172</LongitudeDegrees></Position></Trackpoint><Trackpoint><Time>2026-03-22T19:57:08.000Z</Time><Position><LatitudeDegrees>24.6910457611084</LatitudeDegrees><LongitudeDegrees>120.89116668701172</LongitudeDegrees></Position></Trackpoint><Trackpoint><Time>2026-03-22T19:57:09.000Z</Time><Position><LatitudeDegrees>24.6910343170166</LatitudeDegrees><LongitudeDegrees>120.89117431640625</LongitudeDegrees></Position></Trackpoint><Trackpoint><Time>2026-03-22T19:57:10.000Z</Time><Position><LatitudeDegrees>24.691024780273438</LatitudeDegrees><LongitudeDegrees>120.89118194580078</LongitudeDegrees></Position></Trackpoint><Trackpoint><Time>2026-03-22T19:57:11.000Z</Time><Position><LatitudeDegrees>24.691017150878906</LatitudeDegrees><LongitudeDegrees>120.89118194580078</LongitudeDegrees></Position></Trackpoint><Trackpoint><Time>2026-03-22T19:57:12.000Z</Time><Position><LatitudeDegrees>24.691009521484375</LatitudeDegrees><LongitudeDegrees>120.89118194580078</LongitudeDegrees></Position></Trackpoint><Trackpoint><Time>2026-03-22T19:57:13.000Z</Time><Position><LatitudeDegrees>24.69099998474121</LatitudeDegrees><LongitudeDegrees>120.89118194580078</LongitudeDegrees></Position></Trackpoint><Trackpoint><Time>2026-03-22T19:57:14.000Z</Time><Position><LatitudeDegrees>24.69099235534668</LatitudeDegrees><LongitudeDegrees>120.89118194580078</LongitudeDegrees></Position></Trackpoint><Trackpoint><Time>2026-03-22T19:57:15.000Z</Time><Position><LatitudeDegrees>24.690982818603516</LatitudeDegrees><LongitudeDegrees>120.89118194580078</LongitudeDegrees></Position></Trackpoint><Trackpoint><Time>2026-03-22T19:57:16.000Z</Time><Position><LatitudeDegrees>24.69097137451172</LatitudeDegrees><LongitudeDegrees>120.89118194580078</LongitudeDegrees></Position></Trackpoint><Trackpoint><Time>2026-03-22T19:57:17.000Z</Time><Position><LatitudeDegrees>24.690959930419922</LatitudeDegrees><LongitudeDegrees>120.89118194580078</LongitudeDegrees></Position></Trackpoint><Trackpoint><Time>2026-03-22T19:57:18.000Z</Time><Position><LatitudeDegrees>24.690946578979492</LatitudeDegrees><LongitudeDegrees>120.89118194580078</LongitudeDegrees></Position></Trackpoint><Trackpoint><Time>2026-03-22T19:57:19.000Z</Time><Position><LatitudeDegrees>24.690933227539062</LatitudeDegrees><LongitudeDegrees>120.89118194580078</LongitudeDegrees></Position></Trackpoint><Trackpoint><Time>2026-03-22T19:57:20.000Z</Time><Position><LatitudeDegrees>24.6909236907959</LatitudeDegrees><LongitudeDegrees>120.89118194580078</LongitudeDegrees></Position></Trackpoint><Trackpoint><Time>2026-03-22T19:57:21.000Z</Time><Position><LatitudeDegrees>24.6909122467041</LatitudeDegrees><LongitudeDegrees>120.89118194580078</LongitudeDegrees></Position></Trackpoint><Trackpoint><Time>2026-03-22T19:57:22.000Z</Time><Position><LatitudeDegrees>24.690902709960938</LatitudeDegrees><LongitudeDegrees>120.89118194580078</LongitudeDegrees></Position></Trackpoint><Trackpoint><Time>2026-03-22T19:57:23.000Z</Time><Position><LatitudeDegrees>24.690889358520508</LatitudeDegrees><LongitudeDegrees>120.89118957519531</LongitudeDegrees></Position></Trackpoint><Trackpoint><Time>2026-03-22T19:57:24.000Z</Time><Position><LatitudeDegrees>24.69087791442871</LatitudeDegrees><LongitudeDegrees>120.89118957519531</LongitudeDegrees></Position></Trackpoint><Trackpoint><Time>2026-03-22T19:57:25.000Z</Time><Position><LatitudeDegrees>24.690868377685547</LatitudeDegrees><LongitudeDegrees>120.89119720458984</LongitudeDegrees></Position></Trackpoint><Trackpoint><Time>2026-03-22T19:57:26.000Z</Time><Position><LatitudeDegrees>24.69085693359375</LatitudeDegrees><LongitudeDegrees>120.89120483398438</LongitudeDegrees></Position></Trackpoint><Trackpoint><Time>2026-03-22T19:57:27.000Z</Time><Position><LatitudeDegrees>24.69085121154785</LatitudeDegrees><LongitudeDegrees>120.89122009277344</LongitudeDegrees></Position></Trackpoint><Trackpoint><Time>2026-03-22T19:57:28.000Z</Time><Position><LatitudeDegrees>24.69084358215332</LatitudeDegrees><LongitudeDegrees>120.89122772216797</LongitudeDegrees></Position></Trackpoint><Trackpoint><Time>2026-03-22T19:57:29.000Z</Time><Position><LatitudeDegrees>24.690837860107422</LatitudeDegrees><LongitudeDegrees>120.8912353515625</LongitudeDegrees></Position></Trackpoint><Trackpoint><Time>2026-03-22T19:57:30.000Z</Time><Position><LatitudeDegrees>24.690832138061523</LatitudeDegrees><LongitudeDegrees>120.89124298095703</LongitudeDegrees></Position></Trackpoint><Trackpoint><Time>2026-03-22T19:57:31.000Z</Time><Position><LatitudeDegrees>24.69082260131836</LatitudeDegrees><LongitudeDegrees>120.89125061035156</LongitudeDegrees></Position></Trackpoint><Trackpoint><Time>2026-03-22T19:57:32.000Z</Time><Position><LatitudeDegrees>24.690813064575195</LatitudeDegrees><LongitudeDegrees>120.8912582397461</LongitudeDegrees></Position></Trackpoint><Trackpoint><Time>2026-03-22T19:57:33.000Z</Time><Position><LatitudeDegrees>24.690805435180664</LatitudeDegrees><LongitudeDegrees>120.89126586914062</LongitudeDegrees></Position></Trackpoint><Trackpoint><Time>2026-03-22T19:57:34.000Z</Time><Position><LatitudeDegrees>24.690799713134766</LatitudeDegrees><LongitudeDegrees>120.89126586914062</LongitudeDegrees></Position></Trackpoint><Trackpoint><Time>2026-03-22T19:57:35.000Z</Time><Position><LatitudeDegrees>24.690793991088867</LatitudeDegrees><LongitudeDegrees>120.89126586914062</LongitudeDegrees></Position></Trackpoint><Trackpoint><Time>2026-03-22T19:57:36.000Z</Time><Position><LatitudeDegrees>24.690786361694336</LatitudeDegrees><LongitudeDegrees>120.8912582397461</LongitudeDegrees></Position></Trackpoint><Trackpoint><Time>2026-03-22T19:57:37.000Z</Time><Position><LatitudeDegrees>24.690778732299805</LatitudeDegrees><LongitudeDegrees>120.8912582397461</LongitudeDegrees></Position></Trackpoint><Trackpoint><Time>2026-03-22T19:57:38.000Z</Time><Position><LatitudeDegrees>24.690778732299805</LatitudeDegrees><LongitudeDegrees>120.89125061035156</LongitudeDegrees></Position></Trackpoint><Trackpoint><Time>2026-03-22T19:57:39.000Z</Time><Position><LatitudeDegrees>24.690780639648438</LatitudeDegrees><LongitudeDegrees>120.89125061035156</LongitudeDegrees></Position></Trackpoint><Trackpoint><Time>2026-03-22T19:57:41.000Z</Time><Position><LatitudeDegrees>24.690776824951172</LatitudeDegrees><LongitudeDegrees>120.89125061035156</LongitudeDegrees></Position></Trackpoint><Trackpoint><Time>2026-03-22T19:57:42.000Z</Time><Position><LatitudeDegrees>24.690765380859375</LatitudeDegrees><LongitudeDegrees>120.89125061035156</LongitudeDegrees></Position></Trackpoint><Trackpoint><Time>2026-03-22T19:57:43.000Z</Time><Position><LatitudeDegrees>24.690759658813477</LatitudeDegrees><LongitudeDegrees>120.89124298095703</LongitudeDegrees></Position></Trackpoint><Trackpoint><Time>2026-03-22T19:57:44.000Z</Time><Position><LatitudeDegrees>24.690752029418945</LatitudeDegrees><LongitudeDegrees>120.89124298095703</LongitudeDegrees></Position></Trackpoint><Trackpoint><Time>2026-03-22T19:57:45.000Z</Time><Position><LatitudeDegrees>24.690746307373047</LatitudeDegrees><LongitudeDegrees>120.89124298095703</LongitudeDegrees></Position></Trackpoint><Trackpoint><Time>2026-03-22T19:57:46.000Z</Time><Position><LatitudeDegrees>24.690736770629883</LatitudeDegrees><LongitudeDegrees>120.89124298095703</LongitudeDegrees></Position></Trackpoint><Trackpoint><Time>2026-03-22T19:57:47.000Z</Time><Position><LatitudeDegrees>24.69072914123535</LatitudeDegrees><LongitudeDegrees>120.89124298095703</LongitudeDegrees></Position></Trackpoint><Trackpoint><Time>2026-03-22T19:57:48.000Z</Time><Position><LatitudeDegrees>24.690719604492188</LatitudeDegrees><LongitudeDegrees>120.89124298095703</LongitudeDegrees></Position></Trackpoint><Trackpoint><Time>2026-03-22T19:57:49.000Z</Time><Position><LatitudeDegrees>24.69070816040039</LatitudeDegrees><LongitudeDegrees>120.89124298095703</LongitudeDegrees></Position></Trackpoint><Trackpoint><Time>2026-03-22T19:57:50.000Z</Time><Position><LatitudeDegrees>24.690698623657227</LatitudeDegrees><LongitudeDegrees>120.89124298095703</LongitudeDegrees></Position></Trackpoint><Trackpoint><Time>2026-03-22T19:57:51.000Z</Time><Position><LatitudeDegrees>24.69068717956543</LatitudeDegrees><LongitudeDegrees>120.89124298095703</LongitudeDegrees></Position></Trackpoint><Trackpoint><Time>2026-03-22T19:57:52.000Z</Time><Position><LatitudeDegrees>24.690675735473633</LatitudeDegrees><LongitudeDegrees>120.89124298095703</LongitudeDegrees></Position></Trackpoint><Trackpoint><Time>2026-03-22T19:57:53.000Z</Time><Position><LatitudeDegrees>24.69066619873047</LatitudeDegrees><LongitudeDegrees>120.89124298095703</LongitudeDegrees></Position></Trackpoint><Trackpoint><Time>2026-03-22T19:57:54.000Z</Time><Position><LatitudeDegrees>24.690654754638672</LatitudeDegrees><LongitudeDegrees>120.89124298095703</LongitudeDegrees></Position></Trackpoint><Trackpoint><Time>2026-03-22T19:57:55.000Z</Time><Position><LatitudeDegrees>24.690643310546875</LatitudeDegrees><LongitudeDegrees>120.89124298095703</LongitudeDegrees></Position></Trackpoint><Trackpoint><Time>2026-03-22T19:57:56.000Z</Time><Position><LatitudeDegrees>24.690631866455078</LatitudeDegrees><LongitudeDegrees>120.8912353515625</LongitudeDegrees></Position></Trackpoint><Trackpoint><Time>2026-03-22T19:57:57.000Z</Time><Position><LatitudeDegrees>24.690624237060547</LatitudeDegrees><LongitudeDegrees>120.89122009277344</LongitudeDegrees></Position></Trackpoint><Trackpoint><Time>2026-03-22T19:57:58.000Z</Time><Position><LatitudeDegrees>24.69062042236328</LatitudeDegrees><LongitudeDegrees>120.89120483398438</LongitudeDegrees></Position></Trackpoint><Trackpoint><Time>2026-03-22T19:57:59.000Z</Time><Position><LatitudeDegrees>24.690622329711914</LatitudeDegrees><LongitudeDegrees>120.89118957519531</LongitudeDegrees></Position></Trackpoint><Trackpoint><Time>2026-03-22T19:58:00.000Z</Time><Position><LatitudeDegrees>24.690624237060547</LatitudeDegrees><LongitudeDegrees>120.89117431640625</LongitudeDegrees></Position></Trackpoint><Trackpoint><Time>2026-03-22T19:58:01.000Z</Time><Position><LatitudeDegrees>24.690622329711914</LatitudeDegrees><LongitudeDegrees>120.89115905761719</LongitudeDegrees></Position></Trackpoint><Trackpoint><Time>2026-03-22T19:58:02.000Z</Time><Position><LatitudeDegrees>24.690622329711914</LatitudeDegrees><LongitudeDegrees>120.89115142822266</LongitudeDegrees></Position></Trackpoint><Trackpoint><Time>2026-03-22T19:58:03.000Z</Time><Position><LatitudeDegrees>24.69062042236328</LatitudeDegrees><LongitudeDegrees>120.8911361694336</LongitudeDegrees></Position></Trackpoint><Trackpoint><Time>2026-03-22T19:58:04.000Z</Time><Position><LatitudeDegrees>24.69062042236328</LatitudeDegrees><LongitudeDegrees>120.89112854003906</LongitudeDegrees></Position></Trackpoint><Trackpoint><Time>2026-03-22T19:58:05.000Z</Time><Position><LatitudeDegrees>24.69061851501465</LatitudeDegrees><LongitudeDegrees>120.89112091064453</LongitudeDegrees></Position></Trackpoint><Trackpoint><Time>2026-03-22T19:58:06.000Z</Time><Position><LatitudeDegrees>24.69061851501465</LatitudeDegrees><LongitudeDegrees>120.89111328125</LongitudeDegrees></Position></Trackpoint><Trackpoint><Time>2026-03-22T19:58:07.000Z</Time><Position><LatitudeDegrees>24.69061851501465</LatitudeDegrees><LongitudeDegrees>120.89110565185547</LongitudeDegrees></Position></Trackpoint><Trackpoint><Time>2026-03-22T19:58:08.000Z</Time><Position><LatitudeDegrees>24.690614700317383</LatitudeDegrees><LongitudeDegrees>120.8910903930664</LongitudeDegrees></Position></Trackpoint><Trackpoint><Time>2026-03-22T19:58:09.000Z</Time><Position><LatitudeDegrees>24.690614700317383</LatitudeDegrees><LongitudeDegrees>120.89108276367188</LongitudeDegrees></Position></Trackpoint><Trackpoint><Time>2026-03-22T19:58:10.000Z</Time><Position><LatitudeDegrees>24.690614700317383</LatitudeDegrees><LongitudeDegrees>120.89106750488281</LongitudeDegrees></Position></Trackpoint><Trackpoint><Time>2026-03-22T19:58:11.000Z</Time><Position><LatitudeDegrees>24.690614700317383</LatitudeDegrees><LongitudeDegrees>120.89105987548828</LongitudeDegrees></Position></Trackpoint><Trackpoint><Time>2026-03-22T19:58:12.000Z</Time><Position><LatitudeDegrees>24.69061279296875</LatitudeDegrees><LongitudeDegrees>120.89104461669922</LongitudeDegrees></Position></Trackpoint><Trackpoint><Time>2026-03-22T19:58:13.000Z</Time><Position><LatitudeDegrees>24.69061279296875</LatitudeDegrees><LongitudeDegrees>120.89102935791016</LongitudeDegrees></Position></Trackpoint><Trackpoint><Time>2026-03-22T19:58:14.000Z</Time><Position><LatitudeDegrees>24.690608978271484</LatitudeDegrees><LongitudeDegrees>120.89102172851562</LongitudeDegrees></Position></Trackpoint><Trackpoint><Time>2026-03-22T19:58:15.000Z</Time><Position><LatitudeDegrees>24.69060516357422</LatitudeDegrees><LongitudeDegrees>120.89100646972656</LongitudeDegrees></Position></Trackpoint><Trackpoint><Time>2026-03-22T19:58:16.000Z</Time><Position><LatitudeDegrees>24.690603256225586</LatitudeDegrees><LongitudeDegrees>120.89099884033203</LongitudeDegrees></Position></Trackpoint><Trackpoint><Time>2026-03-22T19:58:17.000Z</Time><Position><LatitudeDegrees>24.690601348876953</LatitudeDegrees><LongitudeDegrees>120.89098358154297</LongitudeDegrees></Position></Trackpoint><Trackpoint><Time>2026-03-22T19:58:18.000Z</Time><Position><LatitudeDegrees>24.690601348876953</LatitudeDegrees><LongitudeDegrees>120.89097595214844</LongitudeDegrees></Position></Trackpoint><Trackpoint><Time>2026-03-22T19:58:19.000Z</Time><Position><LatitudeDegrees>24.690601348876953</LatitudeDegrees><LongitudeDegrees>120.89096069335938</LongitudeDegrees></Position></Trackpoint><Trackpoint><Time>2026-03-22T19:58:20.000Z</Time><Position><LatitudeDegrees>24.690601348876953</LatitudeDegrees><LongitudeDegrees>120.89094543457031</LongitudeDegrees></Position></Trackpoint><Trackpoint><Time>2026-03-22T19:58:21.000Z</Time><Position><LatitudeDegrees>24.690601348876953</LatitudeDegrees><LongitudeDegrees>120.89093780517578</LongitudeDegrees></Position></Trackpoint><Trackpoint><Time>2026-03-22T19:58:22.000Z</Time><Position><LatitudeDegrees>24.690603256225586</LatitudeDegrees><LongitudeDegrees>120.89092254638672</LongitudeDegrees></Position></Trackpoint><Trackpoint><Time>2026-03-22T19:58:23.000Z</Time><Position><LatitudeDegrees>24.690603256225586</LatitudeDegrees><LongitudeDegrees>120.89091491699219</LongitudeDegrees></Position></Trackpoint><Trackpoint><Time>2026-03-22T19:58:24.000Z</Time><Position><LatitudeDegrees>24.69060516357422</LatitudeDegrees><LongitudeDegrees>120.89089965820312</LongitudeDegrees></Position></Trackpoint><Trackpoint><Time>2026-03-22T19:58:25.000Z</Time><Position><LatitudeDegrees>24.69060707092285</LatitudeDegrees><LongitudeDegrees>120.89088439941406</LongitudeDegrees></Position></Trackpoint><Trackpoint><Time>2026-03-22T19:58:26.000Z</Time><Position><LatitudeDegrees>24.69060707092285</LatitudeDegrees><LongitudeDegrees>120.89087677001953</LongitudeDegrees></Position></Trackpoint><Trackpoint><Time>2026-03-22T19:58:27.000Z</Time><Position><LatitudeDegrees>24.69060516357422</LatitudeDegrees><LongitudeDegrees>120.89086151123047</LongitudeDegrees></Position></Trackpoint><Trackpoint><Time>2026-03-22T19:58:28.000Z</Time><Position><LatitudeDegrees>24.690601348876953</LatitudeDegrees><LongitudeDegrees>120.8908462524414</LongitudeDegrees></Position></Trackpoint><Trackpoint><Time>2026-03-22T19:58:29.000Z</Time><Position><LatitudeDegrees>24.69059944152832</LatitudeDegrees><LongitudeDegrees>120.89083099365234</LongitudeDegrees></Position></Trackpoint><Trackpoint><Time>2026-03-22T19:58:30.000Z</Time><Position><LatitudeDegrees>24.69057846069336</LatitudeDegrees><LongitudeDegrees>120.89081573486328</LongitudeDegrees></Position></Trackpoint><Trackpoint><Time>2026-03-22T19:58:31.000Z</Time><Position><LatitudeDegrees>24.69057273864746</LatitudeDegrees><LongitudeDegrees>120.89080810546875</LongitudeDegrees></Position></Trackpoint><Trackpoint><Time>2026-03-22T19:58:32.000Z</Time><Position><LatitudeDegrees>24.69057273864746</LatitudeDegrees><LongitudeDegrees>120.89080047607422</LongitudeDegrees></Position></Trackpoint><Trackpoint><Time>2026-03-22T19:58:33.000Z</Time><Position><LatitudeDegrees>24.690570831298828</LatitudeDegrees><LongitudeDegrees>120.89078521728516</LongitudeDegrees></Position></Trackpoint><Trackpoint><Time>2026-03-22T19:58:34.000Z</Time><Position><LatitudeDegrees>24.690570831298828</LatitudeDegrees><LongitudeDegrees>120.89077758789062</LongitudeDegrees></Position></Trackpoint><Trackpoint><Time>2026-03-22T19:58:35.000Z</Time><Position><LatitudeDegrees>24.690570831298828</LatitudeDegrees><LongitudeDegrees>120.89076232910156</LongitudeDegrees></Position></Trackpoint><Trackpoint><Time>2026-03-22T19:58:36.000Z</Time><Position><LatitudeDegrees>24.690574645996094</LatitudeDegrees><LongitudeDegrees>120.8907470703125</LongitudeDegrees></Position></Trackpoint><Trackpoint><Time>2026-03-22T19:58:37.000Z</Time><Position><LatitudeDegrees>24.690570831298828</LatitudeDegrees><LongitudeDegrees>120.8907241821289</LongitudeDegrees></Position></Trackpoint><Trackpoint><Time>2026-03-22T19:58:38.000Z</Time><Position><LatitudeDegrees>24.69057273864746</LatitudeDegrees><LongitudeDegrees>120.89070892333984</LongitudeDegrees></Position></Trackpoint><Trackpoint><Time>2026-03-22T19:58:39.000Z</Time><Position><LatitudeDegrees>24.690574645996094</LatitudeDegrees><LongitudeDegrees>120.89070129394531</LongitudeDegrees></Position></Trackpoint><Trackpoint><Time>2026-03-22T19:58:40.000Z</Time><Position><LatitudeDegrees>24.690574645996094</LatitudeDegrees><LongitudeDegrees>120.89068603515625</LongitudeDegrees></Position></Trackpoint><Trackpoint><Time>2026-03-22T19:58:41.000Z</Time><Position><LatitudeDegrees>24.690574645996094</LatitudeDegrees><LongitudeDegrees>120.89067077636719</LongitudeDegrees></Position></Trackpoint><Trackpoint><Time>2026-03-22T19:58:42.000Z</Time><Position><LatitudeDegrees>24.690574645996094</LatitudeDegrees><LongitudeDegrees>120.89066314697266</LongitudeDegrees></Position></Trackpoint><Trackpoint><Time>2026-03-22T19:58:43.000Z</Time><Position><LatitudeDegrees>24.69057273864746</LatitudeDegrees><LongitudeDegrees>120.8906478881836</LongitudeDegrees></Position></Trackpoint><Trackpoint><Time>2026-03-22T19:58:44.000Z</Time><Position><LatitudeDegrees>24.69057273864746</LatitudeDegrees><LongitudeDegrees>120.89063262939453</LongitudeDegrees></Position></Trackpoint><Trackpoint><Time>2026-03-22T19:58:45.000Z</Time><Position><LatitudeDegrees>24.69057273864746</LatitudeDegrees><LongitudeDegrees>120.89061737060547</LongitudeDegrees></Position></Trackpoint><Trackpoint><Time>2026-03-22T19:58:46.000Z</Time><Position><LatitudeDegrees>24.690576553344727</LatitudeDegrees><LongitudeDegrees>120.8906021118164</LongitudeDegrees></Position></Trackpoint><Trackpoint><Time>2026-03-22T19:58:47.000Z</Time><Position><LatitudeDegrees>24.690580368041992</LatitudeDegrees><LongitudeDegrees>120.89059448242188</LongitudeDegrees></Position></Trackpoint><Trackpoint><Time>2026-03-22T19:58:48.000Z</Time><Position><LatitudeDegrees>24.690582275390625</LatitudeDegrees><LongitudeDegrees>120.89057922363281</LongitudeDegrees></Position></Trackpoint><Trackpoint><Time>2026-03-22T19:58:49.000Z</Time><Position><LatitudeDegrees>24.690582275390625</LatitudeDegrees><LongitudeDegrees>120.89057159423828</LongitudeDegrees></Position></Trackpoint><Trackpoint><Time>2026-03-22T19:58:50.000Z</Time><Position><LatitudeDegrees>24.690584182739258</LatitudeDegrees><LongitudeDegrees>120.89055633544922</LongitudeDegrees></Position></Trackpoint><Trackpoint><Time>2026-03-22T19:58:51.000Z</Time><Position><LatitudeDegrees>24.690587997436523</LatitudeDegrees><LongitudeDegrees>120.89054107666016</LongitudeDegrees></Position></Trackpoint><Trackpoint><Time>2026-03-22T19:58:52.000Z</Time><Position><LatitudeDegrees>24.690593719482422</LatitudeDegrees><LongitudeDegrees>120.89053344726562</LongitudeDegrees></Position></Trackpoint><Trackpoint><Time>2026-03-22T19:58:53.000Z</Time><Position><LatitudeDegrees>24.690595626831055</LatitudeDegrees><LongitudeDegrees>120.89051818847656</LongitudeDegrees></Position></Trackpoint><Trackpoint><Time>2026-03-22T19:58:54.000Z</Time><Position><LatitudeDegrees>24.690597534179688</LatitudeDegrees><LongitudeDegrees>120.8905029296875</LongitudeDegrees></Position></Trackpoint><Trackpoint><Time>2026-03-22T19:58:55.000Z</Time><Position><LatitudeDegrees>24.69059944152832</LatitudeDegrees><LongitudeDegrees>120.89048767089844</LongitudeDegrees></Position></Trackpoint><Trackpoint><Time>2026-03-22T19:58:56.000Z</Time><Position><LatitudeDegrees>24.69059944152832</LatitudeDegrees><LongitudeDegrees>120.89047241210938</LongitudeDegrees></Position></Trackpoint><Trackpoint><Time>2026-03-22T19:58:57.000Z</Time><Position><LatitudeDegrees>24.69059944152832</LatitudeDegrees><LongitudeDegrees>120.89046478271484</LongitudeDegrees></Position></Trackpoint><Trackpoint><Time>2026-03-22T19:58:58.000Z</Time><Position><LatitudeDegrees>24.690601348876953</LatitudeDegrees><LongitudeDegrees>120.89044952392578</LongitudeDegrees></Position></Trackpoint><Trackpoint><Time>2026-03-22T19:58:59.000Z</Time><Position><LatitudeDegrees>24.690603256225586</LatitudeDegrees><LongitudeDegrees>120.89043426513672</LongitudeDegrees></Position></Trackpoint><Trackpoint><Time>2026-03-22T19:59:00.000Z</Time><Position><LatitudeDegrees>24.690603256225586</LatitudeDegrees><LongitudeDegrees>120.89041900634766</LongitudeDegrees></Position></Trackpoint><Trackpoint><Time>2026-03-22T19:59:01.000Z</Time><Position><LatitudeDegrees>24.69059944152832</LatitudeDegrees><LongitudeDegrees>120.8904037475586</LongitudeDegrees></Position></Trackpoint><Trackpoint><Time>2026-03-22T19:59:02.000Z</Time><Position><LatitudeDegrees>24.690601348876953</LatitudeDegrees><LongitudeDegrees>120.89038848876953</LongitudeDegrees></Position></Trackpoint><Trackpoint><Time>2026-03-22T19:59:03.000Z</Time><Position><LatitudeDegrees>24.69059944152832</LatitudeDegrees><LongitudeDegrees>120.890380859375</LongitudeDegrees></Position></Trackpoint><Trackpoint><Time>2026-03-22T19:59:04.000Z</Time><Position><LatitudeDegrees>24.690597534179688</LatitudeDegrees><LongitudeDegrees>120.89036560058594</LongitudeDegrees></Position></Trackpoint><Trackpoint><Time>2026-03-22T19:59:05.000Z</Time><Position><LatitudeDegrees>24.69059181213379</LatitudeDegrees><LongitudeDegrees>120.89035034179688</LongitudeDegrees></Position></Trackpoint><Trackpoint><Time>2026-03-22T19:59:06.000Z</Time><Position><LatitudeDegrees>24.69059181213379</LatitudeDegrees><LongitudeDegrees>120.89034271240234</LongitudeDegrees></Position></Trackpoint><Trackpoint><Time>2026-03-22T19:59:07.000Z</Time><Position><LatitudeDegrees>24.690593719482422</LatitudeDegrees><LongitudeDegrees>120.89032745361328</LongitudeDegrees></Position></Trackpoint><Trackpoint><Time>2026-03-22T19:59:08.000Z</Time><Position><LatitudeDegrees>24.690593719482422</LatitudeDegrees><LongitudeDegrees>120.89031219482422</LongitudeDegrees></Position></Trackpoint><Trackpoint><Time>2026-03-22T19:59:09.000Z</Time><Position><LatitudeDegrees>24.69059181213379</LatitudeDegrees><LongitudeDegrees>120.89030456542969</LongitudeDegrees></Position></Trackpoint><Trackpoint><Time>2026-03-22T19:59:10.000Z</Time><Position><LatitudeDegrees>24.690593719482422</LatitudeDegrees><LongitudeDegrees>120.89028930664062</LongitudeDegrees></Position></Trackpoint><Trackpoint><Time>2026-03-22T19:59:11.000Z</Time><Position><LatitudeDegrees>24.690597534179688</LatitudeDegrees><LongitudeDegrees>120.8902816772461</LongitudeDegrees></Position></Trackpoint><Trackpoint><Time>2026-03-22T19:59:12.000Z</Time><Position><LatitudeDegrees>24.690601348876953</LatitudeDegrees><LongitudeDegrees>120.89026641845703</LongitudeDegrees></Position></Trackpoint><Trackpoint><Time>2026-03-22T19:59:13.000Z</Time><Position><LatitudeDegrees>24.690603256225586</LatitudeDegrees><LongitudeDegrees>120.89025115966797</LongitudeDegrees></Position></Trackpoint><Trackpoint><Time>2026-03-22T19:59:14.000Z</Time><Position><LatitudeDegrees>24.690601348876953</LatitudeDegrees><LongitudeDegrees>120.8902359008789</LongitudeDegrees></Position></Trackpoint><Trackpoint><Time>2026-03-22T19:59:15.000Z</Time><Position><LatitudeDegrees>24.690601348876953</LatitudeDegrees><LongitudeDegrees>120.89022827148438</LongitudeDegrees></Position></Trackpoint><Trackpoint><Time>2026-03-22T19:59:16.000Z</Time><Position><LatitudeDegrees>24.690597534179688</LatitudeDegrees><LongitudeDegrees>120.89022064208984</LongitudeDegrees></Position></Trackpoint><Trackpoint><Time>2026-03-22T19:59:17.000Z</Time><Position><LatitudeDegrees>24.690595626831055</LatitudeDegrees><LongitudeDegrees>120.89021301269531</LongitudeDegrees></Position></Trackpoint><Trackpoint><Time>2026-03-22T19:59:18.000Z</Time><Position><LatitudeDegrees>24.690589904785156</LatitudeDegrees><LongitudeDegrees>120.89020538330078</LongitudeDegrees></Position></Trackpoint><Trackpoint><Time>2026-03-22T19:59:19.000Z</Time><Position><LatitudeDegrees>24.690593719482422</LatitudeDegrees><LongitudeDegrees>120.89019012451172</LongitudeDegrees></Position></Trackpoint><Trackpoint><Time>2026-03-22T19:59:20.000Z</Time><Position><LatitudeDegrees>24.690595626831055</LatitudeDegrees><LongitudeDegrees>120.89018249511719</LongitudeDegrees></Position></Trackpoint><Trackpoint><Time>2026-03-22T19:59:21.000Z</Time><Position><LatitudeDegrees>24.690597534179688</LatitudeDegrees><LongitudeDegrees>120.89016723632812</LongitudeDegrees></Position></Trackpoint><Trackpoint><Time>2026-03-22T19:59:22.000Z</Time><Position><LatitudeDegrees>24.690597534179688</LatitudeDegrees><LongitudeDegrees>120.8901596069336</LongitudeDegrees></Position></Trackpoint><Trackpoint><Time>2026-03-22T19:59:23.000Z</Time><Position><LatitudeDegrees>24.69059944152832</LatitudeDegrees><LongitudeDegrees>120.89014434814453</LongitudeDegrees></Position></Trackpoint><Trackpoint><Time>2026-03-22T19:59:24.000Z</Time><Position><LatitudeDegrees>24.69059944152832</LatitudeDegrees><LongitudeDegrees>120.89013671875</LongitudeDegrees></Position></Trackpoint><Trackpoint><Time>2026-03-22T19:59:25.000Z</Time><Position><LatitudeDegrees>24.690603256225586</LatitudeDegrees><LongitudeDegrees>120.89012908935547</LongitudeDegrees></Position></Trackpoint><Trackpoint><Time>2026-03-22T19:59:26.000Z</Time><Position><LatitudeDegrees>24.69060516357422</LatitudeDegrees><LongitudeDegrees>120.8901138305664</LongitudeDegrees></Position></Trackpoint><Trackpoint><Time>2026-03-22T19:59:27.000Z</Time><Position><LatitudeDegrees>24.69061279296875</LatitudeDegrees><LongitudeDegrees>120.8901138305664</LongitudeDegrees></Position></Trackpoint><Trackpoint><Time>2026-03-22T19:59:28.000Z</Time><Position><LatitudeDegrees>24.690624237060547</LatitudeDegrees><LongitudeDegrees>120.8901138305664</LongitudeDegrees></Position></Trackpoint><Trackpoint><Time>2026-03-22T19:59:29.000Z</Time><Position><LatitudeDegrees>24.690631866455078</LatitudeDegrees><LongitudeDegrees>120.8901138305664</LongitudeDegrees></Position></Trackpoint><Trackpoint><Time>2026-03-22T19:59:30.000Z</Time><Position><LatitudeDegrees>24.690635681152344</LatitudeDegrees><LongitudeDegrees>120.89012145996094</LongitudeDegrees></Position></Trackpoint><Trackpoint><Time>2026-03-22T19:59:31.000Z</Time><Position><LatitudeDegrees>24.690641403198242</LatitudeDegrees><LongitudeDegrees>120.89012145996094</LongitudeDegrees></Position></Trackpoint><Trackpoint><Time>2026-03-22T19:59:32.000Z</Time><Position><LatitudeDegrees>24.690649032592773</LatitudeDegrees><LongitudeDegrees>120.89012145996094</LongitudeDegrees></Position></Trackpoint><Trackpoint><Time>2026-03-22T19:59:33.000Z</Time><Position><LatitudeDegrees>24.690656661987305</LatitudeDegrees><LongitudeDegrees>120.89012145996094</LongitudeDegrees></Position></Trackpoint><Trackpoint><Time>2026-03-22T19:59:34.000Z</Time><Position><LatitudeDegrees>24.690664291381836</LatitudeDegrees><LongitudeDegrees>120.89012145996094</LongitudeDegrees></Position></Trackpoint><Trackpoint><Time>2026-03-22T19:59:35.000Z</Time><Position><LatitudeDegrees>24.690673828125</LatitudeDegrees><LongitudeDegrees>120.8901138305664</LongitudeDegrees></Position></Trackpoint><Trackpoint><Time>2026-03-22T19:59:36.000Z</Time><Position><LatitudeDegrees>24.690690994262695</LatitudeDegrees><LongitudeDegrees>120.8901138305664</LongitudeDegrees></Position></Trackpoint><Trackpoint><Time>2026-03-22T19:59:37.000Z</Time><Position><LatitudeDegrees>24.690706253051758</LatitudeDegrees><LongitudeDegrees>120.8901138305664</LongitudeDegrees></Position></Trackpoint><Trackpoint><Time>2026-03-22T19:59:38.000Z</Time><Position><LatitudeDegrees>24.690717697143555</LatitudeDegrees><LongitudeDegrees>120.8901138305664</LongitudeDegrees></Position></Trackpoint><Trackpoint><Time>2026-03-22T19:59:39.000Z</Time><Position><LatitudeDegrees>24.690731048583984</LatitudeDegrees><LongitudeDegrees>120.8901138305664</LongitudeDegrees></Position></Trackpoint><Trackpoint><Time>2026-03-22T19:59:40.000Z</Time><Position><LatitudeDegrees>24.69074249267578</LatitudeDegrees><LongitudeDegrees>120.8901138305664</LongitudeDegrees></Position></Trackpoint><Trackpoint><Time>2026-03-22T19:59:41.000Z</Time><Position><LatitudeDegrees>24.69075584411621</LatitudeDegrees><LongitudeDegrees>120.8901138305664</LongitudeDegrees></Position></Trackpoint><Trackpoint><Time>2026-03-22T19:59:42.000Z</Time><Position><LatitudeDegrees>24.690767288208008</LatitudeDegrees><LongitudeDegrees>120.89012145996094</LongitudeDegrees></Position></Trackpoint><Trackpoint><Time>2026-03-22T19:59:43.000Z</Time><Position><LatitudeDegrees>24.690776824951172</LatitudeDegrees><LongitudeDegrees>120.89012908935547</LongitudeDegrees></Position></Trackpoint><Trackpoint><Time>2026-03-22T19:59:44.000Z</Time><Position><LatitudeDegrees>24.690792083740234</LatitudeDegrees><LongitudeDegrees>120.89012908935547</LongitudeDegrees></Position></Trackpoint><Trackpoint><Time>2026-03-22T19:59:45.000Z</Time><Position><LatitudeDegrees>24.690805435180664</LatitudeDegrees><LongitudeDegrees>120.89013671875</LongitudeDegrees></Position></Trackpoint><Trackpoint><Time>2026-03-22T19:59:46.000Z</Time><Position><LatitudeDegrees>24.690818786621094</LatitudeDegrees><LongitudeDegrees>120.89013671875</LongitudeDegrees></Position></Trackpoint><Trackpoint><Time>2026-03-22T19:59:47.000Z</Time><Position><LatitudeDegrees>24.69083023071289</LatitudeDegrees><LongitudeDegrees>120.89014434814453</LongitudeDegrees></Position></Trackpoint><Trackpoint><Time>2026-03-22T19:59:48.000Z</Time><Position><LatitudeDegrees>24.69084358215332</LatitudeDegrees><LongitudeDegrees>120.89014434814453</LongitudeDegrees></Position></Trackpoint><Trackpoint><Time>2026-03-22T19:59:49.000Z</Time><Position><LatitudeDegrees>24.690855026245117</LatitudeDegrees><LongitudeDegrees>120.89013671875</LongitudeDegrees></Position></Trackpoint><Trackpoint><Time>2026-03-22T19:59:50.000Z</Time><Position><LatitudeDegrees>24.69087028503418</LatitudeDegrees><LongitudeDegrees>120.89013671875</LongitudeDegrees></Position></Trackpoint><Trackpoint><Time>2026-03-22T19:59:51.000Z</Time><Position><LatitudeDegrees>24.69088363647461</LatitudeDegrees><LongitudeDegrees>120.89012908935547</LongitudeDegrees></Position></Trackpoint><Trackpoint><Time>2026-03-22T19:59:52.000Z</Time><Position><LatitudeDegrees>24.690902709960938</LatitudeDegrees><LongitudeDegrees>120.89012145996094</LongitudeDegrees></Position></Trackpoint><Trackpoint><Time>2026-03-22T19:59:53.000Z</Time><Position><LatitudeDegrees>24.690929412841797</LatitudeDegrees><LongitudeDegrees>120.89010620117188</LongitudeDegrees></Position></Trackpoint><Trackpoint><Time>2026-03-22T19:59:54.000Z</Time><Position><LatitudeDegrees>24.690959930419922</LatitudeDegrees><LongitudeDegrees>120.89009857177734</LongitudeDegrees></Position></Trackpoint><Trackpoint><Time>2026-03-22T19:59:55.000Z</Time><Position><LatitudeDegrees>24.690988540649414</LatitudeDegrees><LongitudeDegrees>120.89010620117188</LongitudeDegrees></Position></Trackpoint><Trackpoint><Time>2026-03-22T19:59:56.000Z</Time><Position><LatitudeDegrees>24.69101333618164</LatitudeDegrees><LongitudeDegrees>120.89010620117188</LongitudeDegrees></Position></Trackpoint><Trackpoint><Time>2026-03-22T19:59:57.000Z</Time><Position><LatitudeDegrees>24.691036224365234</LatitudeDegrees><LongitudeDegrees>120.89012145996094</LongitudeDegrees></Position></Trackpoint><Trackpoint><Time>2026-03-22T19:59:58.000Z</Time><Position><LatitudeDegrees>24.691062927246094</LatitudeDegrees><LongitudeDegrees>120.89012908935547</LongitudeDegrees></Position></Trackpoint><Trackpoint><Time>2026-03-22T19:59:59.000Z</Time><Position><LatitudeDegrees>24.691089630126953</LatitudeDegrees><LongitudeDegrees>120.89012145996094</LongitudeDegrees></Position></Trackpoint><Trackpoint><Time>2026-03-22T20:00:00.000Z</Time><Position><LatitudeDegrees>24.691116333007812</LatitudeDegrees><LongitudeDegrees>120.8901138305664</LongitudeDegrees></Position></Trackpoint><Trackpoint><Time>2026-03-22T20:00:01.000Z</Time><Position><LatitudeDegrees>24.691143035888672</LatitudeDegrees><LongitudeDegrees>120.8901138305664</LongitudeDegrees></Position></Trackpoint><Trackpoint><Time>2026-03-22T20:00:02.000Z</Time><Position><LatitudeDegrees>24.691171646118164</LatitudeDegrees><LongitudeDegrees>120.89012145996094</LongitudeDegrees></Position></Trackpoint><Trackpoint><Time>2026-03-22T20:00:03.000Z</Time><Position><LatitudeDegrees>24.691200256347656</LatitudeDegrees><LongitudeDegrees>120.8901138305664</LongitudeDegrees></Position></Trackpoint><Trackpoint><Time>2026-03-22T20:00:04.000Z</Time><Position><LatitudeDegrees>24.69122886657715</LatitudeDegrees><LongitudeDegrees>120.89010620117188</LongitudeDegrees></Position></Trackpoint><Trackpoint><Time>2026-03-22T20:00:05.000Z</Time><Position><LatitudeDegrees>24.69125747680664</LatitudeDegrees><LongitudeDegrees>120.89009857177734</LongitudeDegrees></Position></Trackpoint><Trackpoint><Time>2026-03-22T20:00:06.000Z</Time><Position><LatitudeDegrees>24.6912841796875</LatitudeDegrees><LongitudeDegrees>120.89009857177734</LongitudeDegrees></Position></Trackpoint><Trackpoint><Time>2026-03-22T20:00:07.000Z</Time><Position><LatitudeDegrees>24.691312789916992</LatitudeDegrees><LongitudeDegrees>120.89010620117188</LongitudeDegrees></Position></Trackpoint><Trackpoint><Time>2026-03-22T20:00:08.000Z</Time><Position><LatitudeDegrees>24.691343307495117</LatitudeDegrees><LongitudeDegrees>120.89010620117188</LongitudeDegrees></Position></Trackpoint><Trackpoint><Time>2026-03-22T20:00:09.000Z</Time><Position><LatitudeDegrees>24.69137191772461</LatitudeDegrees><LongitudeDegrees>120.89010620117188</LongitudeDegrees></Position></Trackpoint><Trackpoint><Time>2026-03-22T20:00:10.000Z</Time><Position><LatitudeDegrees>24.691402435302734</LatitudeDegrees><LongitudeDegrees>120.8901138305664</LongitudeDegrees></Position></Trackpoint><Trackpoint><Time>2026-03-22T20:00:11.000Z</Time><Position><LatitudeDegrees>24.69143295288086</LatitudeDegrees><LongitudeDegrees>120.8901138305664</LongitudeDegrees></Position></Trackpoint><Trackpoint><Time>2026-03-22T20:00:12.000Z</Time><Position><LatitudeDegrees>24.69146156311035</LatitudeDegrees><LongitudeDegrees>120.8901138305664</LongitudeDegrees></Position></Trackpoint><Trackpoint><Time>2026-03-22T20:00:13.000Z</Time><Position><LatitudeDegrees>24.691490173339844</LatitudeDegrees><LongitudeDegrees>120.89012145996094</LongitudeDegrees></Position></Trackpoint><Trackpoint><Time>2026-03-22T20:00:14.000Z</Time><Position><LatitudeDegrees>24.69151496887207</LatitudeDegrees><LongitudeDegrees>120.89012145996094</LongitudeDegrees></Position></Trackpoint><Trackpoint><Time>2026-03-22T20:00:15.000Z</Time><Position><LatitudeDegrees>24.691543579101562</LatitudeDegrees><LongitudeDegrees>120.89012145996094</LongitudeDegrees></Position></Trackpoint><Trackpoint><Time>2026-03-22T20:00:16.000Z</Time><Position><LatitudeDegrees>24.691570281982422</LatitudeDegrees><LongitudeDegrees>120.89012908935547</LongitudeDegrees></Position></Trackpoint><Trackpoint><Time>2026-03-22T20:00:17.000Z</Time><Position><LatitudeDegrees>24.69159698486328</LatitudeDegrees><LongitudeDegrees>120.89013671875</LongitudeDegrees></Position></Trackpoint><Trackpoint><Time>2026-03-22T20:00:18.000Z</Time><Position><LatitudeDegrees>24.69162368774414</LatitudeDegrees><LongitudeDegrees>120.89015197753906</LongitudeDegrees></Position></Trackpoint><Trackpoint><Time>2026-03-22T20:00:19.000Z</Time><Position><LatitudeDegrees>24.691646575927734</LatitudeDegrees><LongitudeDegrees>120.89016723632812</LongitudeDegrees></Position></Trackpoint><Trackpoint><Time>2026-03-22T20:00:20.000Z</Time><Position><LatitudeDegrees>24.69167137145996</LatitudeDegrees><LongitudeDegrees>120.89018249511719</LongitudeDegrees></Position></Trackpoint><Trackpoint><Time>2026-03-22T20:00:21.000Z</Time><Position><LatitudeDegrees>24.691694259643555</LatitudeDegrees><LongitudeDegrees>120.89019775390625</LongitudeDegrees></Position></Trackpoint><Trackpoint><Time>2026-03-22T20:00:22.000Z</Time><Position><LatitudeDegrees>24.691699981689453</LatitudeDegrees><LongitudeDegrees>120.89022064208984</LongitudeDegrees></Position></Trackpoint><Trackpoint><Time>2026-03-22T20:00:23.000Z</Time><Position><LatitudeDegrees>24.69170379638672</LatitudeDegrees><LongitudeDegrees>120.89024353027344</LongitudeDegrees></Position></Trackpoint><Trackpoint><Time>2026-03-22T20:00:24.000Z</Time><Position><LatitudeDegrees>24.69170570373535</LatitudeDegrees><LongitudeDegrees>120.89026641845703</LongitudeDegrees></Position></Trackpoint><Trackpoint><Time>2026-03-22T20:00:25.000Z</Time><Position><LatitudeDegrees>24.69170379638672</LatitudeDegrees><LongitudeDegrees>120.89028930664062</LongitudeDegrees></Position></Trackpoint><Trackpoint><Time>2026-03-22T20:00:26.000Z</Time><Position><LatitudeDegrees>24.691699981689453</LatitudeDegrees><LongitudeDegrees>120.89031982421875</LongitudeDegrees></Position></Trackpoint><Trackpoint><Time>2026-03-22T20:00:27.000Z</Time><Position><LatitudeDegrees>24.691696166992188</LatitudeDegrees><LongitudeDegrees>120.89035034179688</LongitudeDegrees></Position></Trackpoint><Trackpoint><Time>2026-03-22T20:00:28.000Z</Time><Position><LatitudeDegrees>24.69169044494629</LatitudeDegrees><LongitudeDegrees>120.89037322998047</LongitudeDegrees></Position></Trackpoint><Trackpoint><Time>2026-03-22T20:00:29.000Z</Time><Position><LatitudeDegrees>24.691692352294922</LatitudeDegrees><LongitudeDegrees>120.8904037475586</LongitudeDegrees></Position></Trackpoint><Trackpoint><Time>2026-03-22T20:00:30.000Z</Time><Position><LatitudeDegrees>24.691692352294922</LatitudeDegrees><LongitudeDegrees>120.89042663574219</LongitudeDegrees></Position></Trackpoint><Trackpoint><Time>2026-03-22T20:00:31.000Z</Time><Position><LatitudeDegrees>24.691694259643555</LatitudeDegrees><LongitudeDegrees>120.89045715332031</LongitudeDegrees></Position></Trackpoint><Trackpoint><Time>2026-03-22T20:00:32.000Z</Time><Position><LatitudeDegrees>24.691696166992188</LatitudeDegrees><LongitudeDegrees>120.8904800415039</LongitudeDegrees></Position></Trackpoint><Trackpoint><Time>2026-03-22T20:00:33.000Z</Time><Position><LatitudeDegrees>24.691696166992188</LatitudeDegrees><LongitudeDegrees>120.89051055908203</LongitudeDegrees></Position></Trackpoint><Trackpoint><Time>2026-03-22T20:00:34.000Z</Time><Position><LatitudeDegrees>24.691699981689453</LatitudeDegrees><LongitudeDegrees>120.89053344726562</LongitudeDegrees></Position></Trackpoint><Trackpoint><Time>2026-03-22T20:00:35.000Z</Time><Position><LatitudeDegrees>24.69169807434082</LatitudeDegrees><LongitudeDegrees>120.89055633544922</LongitudeDegrees></Position></Trackpoint><Trackpoint><Time>2026-03-22T20:00:36.000Z</Time><Position><LatitudeDegrees>24.691699981689453</LatitudeDegrees><LongitudeDegrees>120.89058685302734</LongitudeDegrees></Position></Trackpoint><Trackpoint><Time>2026-03-22T20:00:37.000Z</Time><Position><LatitudeDegrees>24.69169807434082</LatitudeDegrees><LongitudeDegrees>120.89060974121094</LongitudeDegrees></Position></Trackpoint><Trackpoint><Time>2026-03-22T20:00:38.000Z</Time><Position><LatitudeDegrees>24.69170379638672</LatitudeDegrees><LongitudeDegrees>120.89063262939453</LongitudeDegrees></Position></Trackpoint><Trackpoint><Time>2026-03-22T20:00:39.000Z</Time><Position><LatitudeDegrees>24.691709518432617</LatitudeDegrees><LongitudeDegrees>120.89066314697266</LongitudeDegrees></Position></Trackpoint><Trackpoint><Time>2026-03-22T20:00:40.000Z</Time><Position><LatitudeDegrees>24.69171142578125</LatitudeDegrees><LongitudeDegrees>120.89068603515625</LongitudeDegrees></Position></Trackpoint><Trackpoint><Time>2026-03-22T20:00:41.000Z</Time><Position><LatitudeDegrees>24.691709518432617</LatitudeDegrees><LongitudeDegrees>120.89070892333984</LongitudeDegrees></Position></Trackpoint><Trackpoint><Time>2026-03-22T20:00:42.000Z</Time><Position><LatitudeDegrees>24.691709518432617</LatitudeDegrees><LongitudeDegrees>120.89073944091797</LongitudeDegrees></Position></Trackpoint><Trackpoint><Time>2026-03-22T20:00:43.000Z</Time><Position><LatitudeDegrees>24.691709518432617</LatitudeDegrees><LongitudeDegrees>120.89076232910156</LongitudeDegrees></Position></Trackpoint><Trackpoint><Time>2026-03-22T20:00:44.000Z</Time><Position><LatitudeDegrees>24.691709518432617</LatitudeDegrees><LongitudeDegrees>120.89079284667969</LongitudeDegrees></Position></Trackpoint><Trackpoint><Time>2026-03-22T20:00:45.000Z</Time><Position><LatitudeDegrees>24.69171142578125</LatitudeDegrees><LongitudeDegrees>120.89082336425781</LongitudeDegrees></Position></Trackpoint><Trackpoint><Time>2026-03-22T20:00:46.000Z</Time><Position><LatitudeDegrees>24.691709518432617</LatitudeDegrees><LongitudeDegrees>120.8908462524414</LongitudeDegrees></Position></Trackpoint><Trackpoint><Time>2026-03-22T20:00:47.000Z</Time><Position><LatitudeDegrees>24.691707611083984</LatitudeDegrees><LongitudeDegrees>120.89087677001953</LongitudeDegrees></Position></Trackpoint><Trackpoint><Time>2026-03-22T20:00:48.000Z</Time><Position><LatitudeDegrees>24.69170570373535</LatitudeDegrees><LongitudeDegrees>120.89090728759766</LongitudeDegrees></Position></Trackpoint><Trackpoint><Time>2026-03-22T20:00:49.000Z</Time><Position><LatitudeDegrees>24.69170379638672</LatitudeDegrees><LongitudeDegrees>120.89093780517578</LongitudeDegrees></Position></Trackpoint><Trackpoint><Time>2026-03-22T20:00:50.000Z</Time><Position><LatitudeDegrees>24.691679000854492</LatitudeDegrees><LongitudeDegrees>120.89096069335938</LongitudeDegrees></Position></Trackpoint><Trackpoint><Time>2026-03-22T20:00:51.000Z</Time><Position><LatitudeDegrees>24.691661834716797</LatitudeDegrees><LongitudeDegrees>120.89098358154297</LongitudeDegrees></Position></Trackpoint><Trackpoint><Time>2026-03-22T20:00:52.000Z</Time><Position><LatitudeDegrees>24.691640853881836</LatitudeDegrees><LongitudeDegrees>120.89099884033203</LongitudeDegrees></Position></Trackpoint><Trackpoint><Time>2026-03-22T20:00:53.000Z</Time><Position><LatitudeDegrees>24.691633224487305</LatitudeDegrees><LongitudeDegrees>120.89102172851562</LongitudeDegrees></Position></Trackpoint><Trackpoint><Time>2026-03-22T20:00:54.000Z</Time><Position><LatitudeDegrees>24.691627502441406</LatitudeDegrees><LongitudeDegrees>120.89104461669922</LongitudeDegrees></Position></Trackpoint><Trackpoint><Time>2026-03-22T20:00:55.000Z</Time><Position><LatitudeDegrees>24.691627502441406</LatitudeDegrees><LongitudeDegrees>120.89106750488281</LongitudeDegrees></Position></Trackpoint><Trackpoint><Time>2026-03-22T20:00:56.000Z</Time><Position><LatitudeDegrees>24.691627502441406</LatitudeDegrees><LongitudeDegrees>120.89109802246094</LongitudeDegrees></Position></Trackpoint><Trackpoint><Time>2026-03-22T20:00:57.000Z</Time><Position><LatitudeDegrees>24.691633224487305</LatitudeDegrees><LongitudeDegrees>120.89112854003906</LongitudeDegrees></Position></Trackpoint><Trackpoint><Time>2026-03-22T20:00:58.000Z</Time><Position><LatitudeDegrees>24.691640853881836</LatitudeDegrees><LongitudeDegrees>120.89115905761719</LongitudeDegrees></Position></Trackpoint><Trackpoint><Time>2026-03-22T20:00:59.000Z</Time><Position><LatitudeDegrees>24.691646575927734</LatitudeDegrees><LongitudeDegrees>120.89118194580078</LongitudeDegrees></Position></Trackpoint><Trackpoint><Time>2026-03-22T20:01:00.000Z</Time><Position><LatitudeDegrees>24.6916561126709</LatitudeDegrees><LongitudeDegrees>120.8912124633789</LongitudeDegrees></Position></Trackpoint><Trackpoint><Time>2026-03-22T20:01:01.000Z</Time><Position><LatitudeDegrees>24.691692352294922</LatitudeDegrees><LongitudeDegrees>120.89122009277344</LongitudeDegrees></Position></Trackpoint><Trackpoint><Time>2026-03-22T20:01:02.000Z</Time><Position><LatitudeDegrees>24.691707611083984</LatitudeDegrees><LongitudeDegrees>120.89122009277344</LongitudeDegrees></Position></Trackpoint><Trackpoint><Time>2026-03-22T20:01:03.000Z</Time><Position><LatitudeDegrees>24.69173240661621</LatitudeDegrees><LongitudeDegrees>120.8912124633789</LongitudeDegrees></Position></Trackpoint><Trackpoint><Time>2026-03-22T20:01:04.000Z</Time><Position><LatitudeDegrees>24.69175910949707</LatitudeDegrees><LongitudeDegrees>120.89120483398438</LongitudeDegrees></Position></Trackpoint><Trackpoint><Time>2026-03-22T20:01:05.000Z</Time><Position><LatitudeDegrees>24.691781997680664</LatitudeDegrees><LongitudeDegrees>120.8912124633789</LongitudeDegrees></Position></Trackpoint><Trackpoint><Time>2026-03-22T20:01:06.000Z</Time><Position><LatitudeDegrees>24.691804885864258</LatitudeDegrees><LongitudeDegrees>120.8912124633789</LongitudeDegrees></Position></Trackpoint><Trackpoint><Time>2026-03-22T20:01:07.000Z</Time><Position><LatitudeDegrees>24.69182014465332</LatitudeDegrees><LongitudeDegrees>120.89122772216797</LongitudeDegrees></Position></Trackpoint><Trackpoint><Time>2026-03-22T20:01:08.000Z</Time><Position><LatitudeDegrees>24.691831588745117</LatitudeDegrees><LongitudeDegrees>120.89125061035156</LongitudeDegrees></Position></Trackpoint><Trackpoint><Time>2026-03-22T20:01:09.000Z</Time><Position><LatitudeDegrees>24.691835403442383</LatitudeDegrees><LongitudeDegrees>120.89127349853516</LongitudeDegrees></Position></Trackpoint><Trackpoint><Time>2026-03-22T20:01:10.000Z</Time><Position><LatitudeDegrees>24.69184112548828</LatitudeDegrees><LongitudeDegrees>120.89129638671875</LongitudeDegrees></Position></Trackpoint><Trackpoint><Time>2026-03-22T20:01:11.000Z</Time><Position><LatitudeDegrees>24.691843032836914</LatitudeDegrees><LongitudeDegrees>120.89132690429688</LongitudeDegrees></Position></Trackpoint><Trackpoint><Time>2026-03-22T20:01:12.000Z</Time><Position><LatitudeDegrees>24.69184684753418</LatitudeDegrees><LongitudeDegrees>120.89134979248047</LongitudeDegrees></Position></Trackpoint><Trackpoint><Time>2026-03-22T20:01:13.000Z</Time><Position><LatitudeDegrees>24.691844940185547</LatitudeDegrees><LongitudeDegrees>120.89137268066406</LongitudeDegrees></Position></Trackpoint><Trackpoint><Time>2026-03-22T20:01:14.000Z</Time><Position><LatitudeDegrees>24.691843032836914</LatitudeDegrees><LongitudeDegrees>120.89139556884766</LongitudeDegrees></Position></Trackpoint><Trackpoint><Time>2026-03-22T20:01:15.000Z</Time><Position><LatitudeDegrees>24.691843032836914</LatitudeDegrees><LongitudeDegrees>120.89141845703125</LongitudeDegrees></Position></Trackpoint><Trackpoint><Time>2026-03-22T20:01:16.000Z</Time><Position><LatitudeDegrees>24.69184112548828</LatitudeDegrees><LongitudeDegrees>120.89144897460938</LongitudeDegrees></Position></Trackpoint><Trackpoint><Time>2026-03-22T20:01:17.000Z</Time><Position><LatitudeDegrees>24.691843032836914</LatitudeDegrees><LongitudeDegrees>120.89147186279297</LongitudeDegrees></Position></Trackpoint><Trackpoint><Time>2026-03-22T20:01:18.000Z</Time><Position><LatitudeDegrees>24.69184112548828</LatitudeDegrees><LongitudeDegrees>120.8915023803711</LongitudeDegrees></Position></Trackpoint><Trackpoint><Time>2026-03-22T20:01:19.000Z</Time><Position><LatitudeDegrees>24.69183921813965</LatitudeDegrees><LongitudeDegrees>120.89152526855469</LongitudeDegrees></Position></Trackpoint><Trackpoint><Time>2026-03-22T20:01:20.000Z</Time><Position><LatitudeDegrees>24.69184112548828</LatitudeDegrees><LongitudeDegrees>120.89154815673828</LongitudeDegrees></Position></Trackpoint><Trackpoint><Time>2026-03-22T20:01:21.000Z</Time><Position><LatitudeDegrees>24.691843032836914</LatitudeDegrees><LongitudeDegrees>120.89157104492188</LongitudeDegrees></Position></Trackpoint><Trackpoint><Time>2026-03-22T20:01:22.000Z</Time><Position><LatitudeDegrees>24.691844940185547</LatitudeDegrees><LongitudeDegrees>120.89159393310547</LongitudeDegrees></Position></Trackpoint><Trackpoint><Time>2026-03-22T20:01:23.000Z</Time><Position><LatitudeDegrees>24.691844940185547</LatitudeDegrees><LongitudeDegrees>120.8916244506836</LongitudeDegrees></Position></Trackpoint><Trackpoint><Time>2026-03-22T20:01:24.000Z</Time><Position><LatitudeDegrees>24.691844940185547</LatitudeDegrees><LongitudeDegrees>120.89164733886719</LongitudeDegrees></Position></Trackpoint><Trackpoint><Time>2026-03-22T20:01:25.000Z</Time><Position><LatitudeDegrees>24.691843032836914</LatitudeDegrees><LongitudeDegrees>120.89167022705078</LongitudeDegrees></Position></Trackpoint><Trackpoint><Time>2026-03-22T20:01:26.000Z</Time><Position><LatitudeDegrees>24.691848754882812</LatitudeDegrees><LongitudeDegrees>120.8917007446289</LongitudeDegrees></Position></Trackpoint><Trackpoint><Time>2026-03-22T20:01:27.000Z</Time><Position><LatitudeDegrees>24.691850662231445</LatitudeDegrees><LongitudeDegrees>120.8917236328125</LongitudeDegrees></Position></Trackpoint><Trackpoint><Time>2026-03-22T20:01:28.000Z</Time><Position><LatitudeDegrees>24.691852569580078</LatitudeDegrees><LongitudeDegrees>120.8917465209961</LongitudeDegrees></Position></Trackpoint><Trackpoint><Time>2026-03-22T20:01:29.000Z</Time><Position><LatitudeDegrees>24.691852569580078</LatitudeDegrees><LongitudeDegrees>120.89176940917969</LongitudeDegrees></Position></Trackpoint><Trackpoint><Time>2026-03-22T20:01:30.000Z</Time><Position><LatitudeDegrees>24.691852569580078</LatitudeDegrees><LongitudeDegrees>120.89179992675781</LongitudeDegrees></Position></Trackpoint><Trackpoint><Time>2026-03-22T20:01:31.000Z</Time><Position><LatitudeDegrees>24.69184684753418</LatitudeDegrees><LongitudeDegrees>120.89181518554688</LongitudeDegrees></Position></Trackpoint><Trackpoint><Time>2026-03-22T20:01:32.000Z</Time><Position><LatitudeDegrees>24.691856384277344</LatitudeDegrees><LongitudeDegrees>120.89183807373047</LongitudeDegrees></Position></Trackpoint><Trackpoint><Time>2026-03-22T20:01:33.000Z</Time><Position><LatitudeDegrees>24.691862106323242</LatitudeDegrees><LongitudeDegrees>120.89186096191406</LongitudeDegrees></Position></Trackpoint><Trackpoint><Time>2026-03-22T20:01:34.000Z</Time><Position><LatitudeDegrees>24.691869735717773</LatitudeDegrees><LongitudeDegrees>120.89188385009766</LongitudeDegrees></Position></Trackpoint><Trackpoint><Time>2026-03-22T20:01:35.000Z</Time><Position><LatitudeDegrees>24.69188117980957</LatitudeDegrees><LongitudeDegrees>120.89189910888672</LongitudeDegrees></Position></Trackpoint><Trackpoint><Time>2026-03-22T20:01:36.000Z</Time><Position><LatitudeDegrees>24.691896438598633</LatitudeDegrees><LongitudeDegrees>120.89191436767578</LongitudeDegrees></Position></Trackpoint><Trackpoint><Time>2026-03-22T20:01:37.000Z</Time><Position><LatitudeDegrees>24.69191551208496</LatitudeDegrees><LongitudeDegrees>120.89192962646484</LongitudeDegrees></Position></Trackpoint><Trackpoint><Time>2026-03-22T20:01:38.000Z</Time><Position><LatitudeDegrees>24.69193458557129</LatitudeDegrees><LongitudeDegrees>120.89193725585938</LongitudeDegrees></Position></Trackpoint><Trackpoint><Time>2026-03-22T20:01:39.000Z</Time><Position><LatitudeDegrees>24.691957473754883</LatitudeDegrees><LongitudeDegrees>120.89193725585938</LongitudeDegrees></Position></Trackpoint><Trackpoint><Time>2026-03-22T20:01:40.000Z</Time><Position><LatitudeDegrees>24.691978454589844</LatitudeDegrees><LongitudeDegrees>120.89193725585938</LongitudeDegrees></Position></Trackpoint><Trackpoint><Time>2026-03-22T20:01:41.000Z</Time><Position><LatitudeDegrees>24.692001342773438</LatitudeDegrees><LongitudeDegrees>120.89193725585938</LongitudeDegrees></Position></Trackpoint><Trackpoint><Time>2026-03-22T20:01:42.000Z</Time><Position><LatitudeDegrees>24.6920223236084</LatitudeDegrees><LongitudeDegrees>120.89193725585938</LongitudeDegrees></Position></Trackpoint><Trackpoint><Time>2026-03-22T20:01:43.000Z</Time><Position><LatitudeDegrees>24.692047119140625</LatitudeDegrees><LongitudeDegrees>120.89193725585938</LongitudeDegrees></Position></Trackpoint><Trackpoint><Time>2026-03-22T20:01:44.000Z</Time><Position><LatitudeDegrees>24.69207000732422</LatitudeDegrees><LongitudeDegrees>120.89192962646484</LongitudeDegrees></Position></Trackpoint><Trackpoint><Time>2026-03-22T20:01:45.000Z</Time><Position><LatitudeDegrees>24.69209098815918</LatitudeDegrees><LongitudeDegrees>120.89192962646484</LongitudeDegrees></Position></Trackpoint><Trackpoint><Time>2026-03-22T20:01:46.000Z</Time><Position><LatitudeDegrees>24.69211196899414</LatitudeDegrees><LongitudeDegrees>120.89192199707031</LongitudeDegrees></Position></Trackpoint><Trackpoint><Time>2026-03-22T20:01:47.000Z</Time><Position><LatitudeDegrees>24.692134857177734</LatitudeDegrees><LongitudeDegrees>120.89192199707031</LongitudeDegrees></Position></Trackpoint><Trackpoint><Time>2026-03-22T20:01:48.000Z</Time><Position><LatitudeDegrees>24.692153930664062</LatitudeDegrees><LongitudeDegrees>120.89192199707031</LongitudeDegrees></Position></Trackpoint><Trackpoint><Time>2026-03-22T20:01:49.000Z</Time><Position><LatitudeDegrees>24.69217300415039</LatitudeDegrees><LongitudeDegrees>120.89192199707031</LongitudeDegrees></Position></Trackpoint><Trackpoint><Time>2026-03-22T20:01:50.000Z</Time><Position><LatitudeDegrees>24.69219398498535</LatitudeDegrees><LongitudeDegrees>120.89191436767578</LongitudeDegrees></Position></Trackpoint><Trackpoint><Time>2026-03-22T20:01:51.000Z</Time><Position><LatitudeDegrees>24.692214965820312</LatitudeDegrees><LongitudeDegrees>120.89192199707031</LongitudeDegrees></Position></Trackpoint><Trackpoint><Time>2026-03-22T20:01:52.000Z</Time><Position><LatitudeDegrees>24.692237854003906</LatitudeDegrees><LongitudeDegrees>120.89192199707031</LongitudeDegrees></Position></Trackpoint><Trackpoint><Time>2026-03-22T20:01:53.000Z</Time><Position><LatitudeDegrees>24.692262649536133</LatitudeDegrees><LongitudeDegrees>120.89192199707031</LongitudeDegrees></Position></Trackpoint><Trackpoint><Time>2026-03-22T20:01:54.000Z</Time><Position><LatitudeDegrees>24.692285537719727</LatitudeDegrees><LongitudeDegrees>120.89192199707031</LongitudeDegrees></Position></Trackpoint><Trackpoint><Time>2026-03-22T20:01:55.000Z</Time><Position><LatitudeDegrees>24.692306518554688</LatitudeDegrees><LongitudeDegrees>120.89192199707031</LongitudeDegrees></Position></Trackpoint><Trackpoint><Time>2026-03-22T20:01:56.000Z</Time><Position><LatitudeDegrees>24.69232940673828</LatitudeDegrees><LongitudeDegrees>120.89192199707031</LongitudeDegrees></Position></Trackpoint><Trackpoint><Time>2026-03-22T20:01:57.000Z</Time><Position><LatitudeDegrees>24.692350387573242</LatitudeDegrees><LongitudeDegrees>120.89192199707031</LongitudeDegrees></Position></Trackpoint><Trackpoint><Time>2026-03-22T20:01:58.000Z</Time><Position><LatitudeDegrees>24.692371368408203</LatitudeDegrees><LongitudeDegrees>120.89192199707031</LongitudeDegrees></Position></Trackpoint><Trackpoint><Time>2026-03-22T20:01:59.000Z</Time><Position><LatitudeDegrees>24.692394256591797</LatitudeDegrees><LongitudeDegrees>120.89192199707031</LongitudeDegrees></Position></Trackpoint><Trackpoint><Time>2026-03-22T20:02:00.000Z</Time><Position><LatitudeDegrees>24.69241714477539</LatitudeDegrees><LongitudeDegrees>120.89192199707031</LongitudeDegrees></Position></Trackpoint><Trackpoint><Time>2026-03-22T20:02:01.000Z</Time><Position><LatitudeDegrees>24.69243812561035</LatitudeDegrees><LongitudeDegrees>120.89192962646484</LongitudeDegrees></Position></Trackpoint><Trackpoint><Time>2026-03-22T20:02:02.000Z</Time><Position><LatitudeDegrees>24.692462921142578</LatitudeDegrees><LongitudeDegrees>120.89192962646484</LongitudeDegrees></Position></Trackpoint><Trackpoint><Time>2026-03-22T20:02:03.000Z</Time><Position><LatitudeDegrees>24.69248390197754</LatitudeDegrees><LongitudeDegrees>120.89192962646484</LongitudeDegrees></Position></Trackpoint><Trackpoint><Time>2026-03-22T20:02:04.000Z</Time><Position><LatitudeDegrees>24.692506790161133</LatitudeDegrees><LongitudeDegrees>120.89192962646484</LongitudeDegrees></Position></Trackpoint><Trackpoint><Time>2026-03-22T20:02:05.000Z</Time><Position><LatitudeDegrees>24.69252586364746</LatitudeDegrees><LongitudeDegrees>120.89192962646484</LongitudeDegrees></Position></Trackpoint><Trackpoint><Time>2026-03-22T20:02:06.000Z</Time><Position><LatitudeDegrees>24.692546844482422</LatitudeDegrees><LongitudeDegrees>120.89192962646484</LongitudeDegrees></Position></Trackpoint><Trackpoint><Time>2026-03-22T20:02:07.000Z</Time><Position><LatitudeDegrees>24.692569732666016</LatitudeDegrees><LongitudeDegrees>120.89193725585938</LongitudeDegrees></Position></Trackpoint><Trackpoint><Time>2026-03-22T20:02:08.000Z</Time><Position><LatitudeDegrees>24.692590713500977</LatitudeDegrees><LongitudeDegrees>120.89192962646484</LongitudeDegrees></Position></Trackpoint><Trackpoint><Time>2026-03-22T20:02:09.000Z</Time><Position><LatitudeDegrees>24.69261360168457</LatitudeDegrees><LongitudeDegrees>120.89192199707031</LongitudeDegrees></Position></Trackpoint><Trackpoint><Time>2026-03-22T20:02:10.000Z</Time><Position><LatitudeDegrees>24.692636489868164</LatitudeDegrees><LongitudeDegrees>120.89192962646484</LongitudeDegrees></Position></Trackpoint><Trackpoint><Time>2026-03-22T20:02:11.000Z</Time><Position><LatitudeDegrees>24.692657470703125</LatitudeDegrees><LongitudeDegrees>120.89193725585938</LongitudeDegrees></Position></Trackpoint><Trackpoint><Time>2026-03-22T20:02:12.000Z</Time><Position><LatitudeDegrees>24.69267463684082</LatitudeDegrees><LongitudeDegrees>120.89195251464844</LongitudeDegrees></Position></Trackpoint><Trackpoint><Time>2026-03-22T20:02:13.000Z</Time><Position><LatitudeDegrees>24.692691802978516</LatitudeDegrees><LongitudeDegrees>120.89196014404297</LongitudeDegrees></Position></Trackpoint><Trackpoint><Time>2026-03-22T20:02:14.000Z</Time><Position><LatitudeDegrees>24.69270896911621</LatitudeDegrees><LongitudeDegrees>120.89197540283203</LongitudeDegrees></Position></Trackpoint><Trackpoint><Time>2026-03-22T20:02:15.000Z</Time><Position><LatitudeDegrees>24.69272804260254</LatitudeDegrees><LongitudeDegrees>120.89198303222656</LongitudeDegrees></Position></Trackpoint><Trackpoint><Time>2026-03-22T20:02:16.000Z</Time><Position><LatitudeDegrees>24.6927490234375</LatitudeDegrees><LongitudeDegrees>120.89198303222656</LongitudeDegrees></Position></Trackpoint><Trackpoint><Time>2026-03-22T20:02:17.000Z</Time><Position><LatitudeDegrees>24.69277000427246</LatitudeDegrees><LongitudeDegrees>120.89198303222656</LongitudeDegrees></Position></Trackpoint><Trackpoint><Time>2026-03-22T20:02:18.000Z</Time><Position><LatitudeDegrees>24.692792892456055</LatitudeDegrees><LongitudeDegrees>120.89198303222656</LongitudeDegrees></Position></Trackpoint><Trackpoint><Time>2026-03-22T20:02:19.000Z</Time><Position><LatitudeDegrees>24.69281578063965</LatitudeDegrees><LongitudeDegrees>120.89198303222656</LongitudeDegrees></Position></Trackpoint><Trackpoint><Time>2026-03-22T20:02:20.000Z</Time><Position><LatitudeDegrees>24.692838668823242</LatitudeDegrees><LongitudeDegrees>120.89197540283203</LongitudeDegrees></Position></Trackpoint><Trackpoint><Time>2026-03-22T20:02:21.000Z</Time><Position><LatitudeDegrees>24.69286346435547</LatitudeDegrees><LongitudeDegrees>120.89198303222656</LongitudeDegrees></Position></Trackpoint><Trackpoint><Time>2026-03-22T20:02:22.000Z</Time><Position><LatitudeDegrees>24.692886352539062</LatitudeDegrees><LongitudeDegrees>120.89197540283203</LongitudeDegrees></Position></Trackpoint><Trackpoint><Time>2026-03-22T20:02:23.000Z</Time><Position><LatitudeDegrees>24.692909240722656</LatitudeDegrees><LongitudeDegrees>120.89197540283203</LongitudeDegrees></Position></Trackpoint><Trackpoint><Time>2026-03-22T20:02:24.000Z</Time><Position><LatitudeDegrees>24.69293212890625</LatitudeDegrees><LongitudeDegrees>120.89197540283203</LongitudeDegrees></Position></Trackpoint><Trackpoint><Time>2026-03-22T20:02:25.000Z</Time><Position><LatitudeDegrees>24.692956924438477</LatitudeDegrees><LongitudeDegrees>120.89197540283203</LongitudeDegrees></Position></Trackpoint><Trackpoint><Time>2026-03-22T20:02:26.000Z</Time><Position><LatitudeDegrees>24.69297981262207</LatitudeDegrees><LongitudeDegrees>120.89197540283203</LongitudeDegrees></Position></Trackpoint><Trackpoint><Time>2026-03-22T20:02:27.000Z</Time><Position><LatitudeDegrees>24.693002700805664</LatitudeDegrees><LongitudeDegrees>120.8919677734375</LongitudeDegrees></Position></Trackpoint><Trackpoint><Time>2026-03-22T20:02:28.000Z</Time><Position><LatitudeDegrees>24.693023681640625</LatitudeDegrees><LongitudeDegrees>120.8919677734375</LongitudeDegrees></Position></Trackpoint><Trackpoint><Time>2026-03-22T20:02:29.000Z</Time><Position><LatitudeDegrees>24.69304656982422</LatitudeDegrees><LongitudeDegrees>120.8919677734375</LongitudeDegrees></Position></Trackpoint><Trackpoint><Time>2026-03-22T20:02:30.000Z</Time><Position><LatitudeDegrees>24.69306755065918</LatitudeDegrees><LongitudeDegrees>120.8919677734375</LongitudeDegrees></Position></Trackpoint><Trackpoint><Time>2026-03-22T20:02:31.000Z</Time><Position><LatitudeDegrees>24.693090438842773</LatitudeDegrees><LongitudeDegrees>120.89197540283203</LongitudeDegrees></Position></Trackpoint><Trackpoint><Time>2026-03-22T20:02:32.000Z</Time><Position><LatitudeDegrees>24.693113327026367</LatitudeDegrees><LongitudeDegrees>120.89197540283203</LongitudeDegrees></Position></Trackpoint><Trackpoint><Time>2026-03-22T20:02:33.000Z</Time><Position><LatitudeDegrees>24.69313621520996</LatitudeDegrees><LongitudeDegrees>120.89198303222656</LongitudeDegrees></Position></Trackpoint><Trackpoint><Time>2026-03-22T20:02:34.000Z</Time><Position><LatitudeDegrees>24.693161010742188</LatitudeDegrees><LongitudeDegrees>120.89198303222656</LongitudeDegrees></Position></Trackpoint><Trackpoint><Time>2026-03-22T20:02:35.000Z</Time><Position><LatitudeDegrees>24.69318389892578</LatitudeDegrees><LongitudeDegrees>120.8919906616211</LongitudeDegrees></Position></Trackpoint><Trackpoint><Time>2026-03-22T20:02:36.000Z</Time><Position><LatitudeDegrees>24.693204879760742</LatitudeDegrees><LongitudeDegrees>120.89199829101562</LongitudeDegrees></Position></Trackpoint><Trackpoint><Time>2026-03-22T20:02:37.000Z</Time><Position><LatitudeDegrees>24.693227767944336</LatitudeDegrees><LongitudeDegrees>120.89201354980469</LongitudeDegrees></Position></Trackpoint><Trackpoint><Time>2026-03-22T20:02:38.000Z</Time><Position><LatitudeDegrees>24.693246841430664</LatitudeDegrees><LongitudeDegrees>120.89202117919922</LongitudeDegrees></Position></Trackpoint><Trackpoint><Time>2026-03-22T20:02:39.000Z</Time><Position><LatitudeDegrees>24.693260192871094</LatitudeDegrees><LongitudeDegrees>120.89204406738281</LongitudeDegrees></Position></Trackpoint><Trackpoint><Time>2026-03-22T20:02:40.000Z</Time><Position><LatitudeDegrees>24.693265914916992</LatitudeDegrees><LongitudeDegrees>120.8920669555664</LongitudeDegrees></Position></Trackpoint><Trackpoint><Time>2026-03-22T20:02:41.000Z</Time><Position><LatitudeDegrees>24.693273544311523</LatitudeDegrees><LongitudeDegrees>120.89208984375</LongitudeDegrees></Position></Trackpoint><Trackpoint><Time>2026-03-22T20:02:42.000Z</Time><Position><LatitudeDegrees>24.693273544311523</LatitudeDegrees><LongitudeDegrees>120.8921127319336</LongitudeDegrees></Position></Trackpoint><Trackpoint><Time>2026-03-22T20:02:43.000Z</Time><Position><LatitudeDegrees>24.69327735900879</LatitudeDegrees><LongitudeDegrees>120.89213562011719</LongitudeDegrees></Position></Trackpoint><Trackpoint><Time>2026-03-22T20:02:44.000Z</Time><Position><LatitudeDegrees>24.693279266357422</LatitudeDegrees><LongitudeDegrees>120.89215850830078</LongitudeDegrees></Position></Trackpoint><Trackpoint><Time>2026-03-22T20:02:45.000Z</Time><Position><LatitudeDegrees>24.693283081054688</LatitudeDegrees><LongitudeDegrees>120.89218139648438</LongitudeDegrees></Position></Trackpoint><Trackpoint><Time>2026-03-22T20:02:46.000Z</Time><Position><LatitudeDegrees>24.69328498840332</LatitudeDegrees><LongitudeDegrees>120.89220428466797</LongitudeDegrees></Position></Trackpoint><Trackpoint><Time>2026-03-22T20:02:47.000Z</Time><Position><LatitudeDegrees>24.693286895751953</LatitudeDegrees><LongitudeDegrees>120.89221954345703</LongitudeDegrees></Position></Trackpoint><Trackpoint><Time>2026-03-22T20:02:48.000Z</Time><Position><LatitudeDegrees>24.69329261779785</LatitudeDegrees><LongitudeDegrees>120.89224243164062</LongitudeDegrees></Position></Trackpoint><Trackpoint><Time>2026-03-22T20:02:49.000Z</Time><Position><LatitudeDegrees>24.69329833984375</LatitudeDegrees><LongitudeDegrees>120.89226531982422</LongitudeDegrees></Position></Trackpoint><Trackpoint><Time>2026-03-22T20:02:50.000Z</Time><Position><LatitudeDegrees>24.69332504272461</LatitudeDegrees><LongitudeDegrees>120.89227294921875</LongitudeDegrees></Position></Trackpoint><Trackpoint><Time>2026-03-22T20:02:51.000Z</Time><Position><LatitudeDegrees>24.693347930908203</LatitudeDegrees><LongitudeDegrees>120.89228057861328</LongitudeDegrees></Position></Trackpoint><Trackpoint><Time>2026-03-22T20:02:52.000Z</Time><Position><LatitudeDegrees>24.693368911743164</LatitudeDegrees><LongitudeDegrees>120.89228820800781</LongitudeDegrees></Position></Trackpoint><Trackpoint><Time>2026-03-22T20:02:53.000Z</Time><Position><LatitudeDegrees>24.693387985229492</LatitudeDegrees><LongitudeDegrees>120.89228820800781</LongitudeDegrees></Position></Trackpoint><Trackpoint><Time>2026-03-22T20:02:54.000Z</Time><Position><LatitudeDegrees>24.693389892578125</LatitudeDegrees><LongitudeDegrees>120.89229583740234</LongitudeDegrees></Position></Trackpoint><Trackpoint><Time>2026-03-22T20:02:55.000Z</Time><Position><LatitudeDegrees>24.693397521972656</LatitudeDegrees><LongitudeDegrees>120.89230346679688</LongitudeDegrees></Position></Trackpoint><Trackpoint><Time>2026-03-22T20:02:56.000Z</Time><Position><LatitudeDegrees>24.69341468811035</LatitudeDegrees><LongitudeDegrees>120.89229583740234</LongitudeDegrees></Position></Trackpoint><Trackpoint><Time>2026-03-22T20:02:57.000Z</Time><Position><LatitudeDegrees>24.693418502807617</LatitudeDegrees><LongitudeDegrees>120.8923110961914</LongitudeDegrees></Position></Trackpoint><Trackpoint><Time>2026-03-22T20:02:58.000Z</Time><Position><LatitudeDegrees>24.69341468811035</LatitudeDegrees><LongitudeDegrees>120.89231872558594</LongitudeDegrees></Position></Trackpoint><Trackpoint><Time>2026-03-22T20:02:59.000Z</Time><Position><LatitudeDegrees>24.693410873413086</LatitudeDegrees><LongitudeDegrees>120.892333984375</LongitudeDegrees></Position></Trackpoint><Trackpoint><Time>2026-03-22T20:03:00.000Z</Time><Position><LatitudeDegrees>24.693403244018555</LatitudeDegrees><LongitudeDegrees>120.89234161376953</LongitudeDegrees></Position></Trackpoint><Trackpoint><Time>2026-03-22T20:03:01.000Z</Time><Position><LatitudeDegrees>24.693395614624023</LatitudeDegrees><LongitudeDegrees>120.8923568725586</LongitudeDegrees></Position></Trackpoint><Trackpoint><Time>2026-03-22T20:03:02.000Z</Time><Position><LatitudeDegrees>24.693391799926758</LatitudeDegrees><LongitudeDegrees>120.89237213134766</LongitudeDegrees></Position></Trackpoint><Trackpoint><Time>2026-03-22T20:03:03.000Z</Time><Position><LatitudeDegrees>24.693389892578125</LatitudeDegrees><LongitudeDegrees>120.89237976074219</LongitudeDegrees></Position></Trackpoint><Trackpoint><Time>2026-03-22T20:03:04.000Z</Time><Position><LatitudeDegrees>24.693382263183594</LatitudeDegrees><LongitudeDegrees>120.89239501953125</LongitudeDegrees></Position></Trackpoint><Trackpoint><Time>2026-03-22T20:03:05.000Z</Time><Position><LatitudeDegrees>24.69338035583496</LatitudeDegrees><LongitudeDegrees>120.89241027832031</LongitudeDegrees></Position></Trackpoint><Trackpoint><Time>2026-03-22T20:03:06.000Z</Time><Position><LatitudeDegrees>24.693378448486328</LatitudeDegrees><LongitudeDegrees>120.89242553710938</LongitudeDegrees></Position></Trackpoint><Trackpoint><Time>2026-03-22T20:03:07.000Z</Time><Position><LatitudeDegrees>24.693376541137695</LatitudeDegrees><LongitudeDegrees>120.89244079589844</LongitudeDegrees></Position></Trackpoint><Trackpoint><Time>2026-03-22T20:03:08.000Z</Time><Position><LatitudeDegrees>24.693374633789062</LatitudeDegrees><LongitudeDegrees>120.89244842529297</LongitudeDegrees></Position></Trackpoint><Trackpoint><Time>2026-03-22T20:03:09.000Z</Time><Position><LatitudeDegrees>24.69337272644043</LatitudeDegrees><LongitudeDegrees>120.89246368408203</LongitudeDegrees></Position></Trackpoint><Trackpoint><Time>2026-03-22T20:03:10.000Z</Time><Position><LatitudeDegrees>24.69337272644043</LatitudeDegrees><LongitudeDegrees>120.89247131347656</LongitudeDegrees></Position></Trackpoint><Trackpoint><Time>2026-03-22T20:03:11.000Z</Time><Position><LatitudeDegrees>24.693370819091797</LatitudeDegrees><LongitudeDegrees>120.8924789428711</LongitudeDegrees></Position></Trackpoint><Trackpoint><Time>2026-03-22T20:03:12.000Z</Time><Position><LatitudeDegrees>24.69337272644043</LatitudeDegrees><LongitudeDegrees>120.89249420166016</LongitudeDegrees></Position></Trackpoint><Trackpoint><Time>2026-03-22T20:03:13.000Z</Time><Position><LatitudeDegrees>24.69337272644043</LatitudeDegrees><LongitudeDegrees>120.89250183105469</LongitudeDegrees></Position></Trackpoint><Trackpoint><Time>2026-03-22T20:03:14.000Z</Time><Position><LatitudeDegrees>24.69337272644043</LatitudeDegrees><LongitudeDegrees>120.89250946044922</LongitudeDegrees></Position></Trackpoint><Trackpoint><Time>2026-03-22T20:03:15.000Z</Time><Position><LatitudeDegrees>24.69337272644043</LatitudeDegrees><LongitudeDegrees>120.89251708984375</LongitudeDegrees></Position></Trackpoint><Trackpoint><Time>2026-03-22T20:03:16.000Z</Time><Position><LatitudeDegrees>24.693374633789062</LatitudeDegrees><LongitudeDegrees>120.89252471923828</LongitudeDegrees></Position></Trackpoint><Trackpoint><Time>2026-03-22T20:03:17.000Z</Time><Position><LatitudeDegrees>24.693374633789062</LatitudeDegrees><LongitudeDegrees>120.89253997802734</LongitudeDegrees></Position></Trackpoint><Trackpoint><Time>2026-03-22T20:03:18.000Z</Time><Position><LatitudeDegrees>24.693374633789062</LatitudeDegrees><LongitudeDegrees>120.8925552368164</LongitudeDegrees></Position></Trackpoint><Trackpoint><Time>2026-03-22T20:03:19.000Z</Time><Position><LatitudeDegrees>24.693374633789062</LatitudeDegrees><LongitudeDegrees>120.89256286621094</LongitudeDegrees></Position></Trackpoint><Trackpoint><Time>2026-03-22T20:03:20.000Z</Time><Position><LatitudeDegrees>24.693374633789062</LatitudeDegrees><LongitudeDegrees>120.892578125</LongitudeDegrees></Position></Trackpoint><Trackpoint><Time>2026-03-22T20:03:21.000Z</Time><Position><LatitudeDegrees>24.693374633789062</LatitudeDegrees><LongitudeDegrees>120.89258575439453</LongitudeDegrees></Position></Trackpoint><Trackpoint><Time>2026-03-22T20:03:22.000Z</Time><Position><LatitudeDegrees>24.69337272644043</LatitudeDegrees><LongitudeDegrees>120.89259338378906</LongitudeDegrees></Position></Trackpoint><Trackpoint><Time>2026-03-22T20:03:23.000Z</Time><Position><LatitudeDegrees>24.693370819091797</LatitudeDegrees><LongitudeDegrees>120.89260864257812</LongitudeDegrees></Position></Trackpoint><Trackpoint><Time>2026-03-22T20:03:24.000Z</Time><Position><LatitudeDegrees>24.693368911743164</LatitudeDegrees><LongitudeDegrees>120.89261627197266</LongitudeDegrees></Position></Trackpoint><Trackpoint><Time>2026-03-22T20:03:25.000Z</Time><Position><LatitudeDegrees>24.693370819091797</LatitudeDegrees><LongitudeDegrees>120.89262390136719</LongitudeDegrees></Position></Trackpoint><Trackpoint><Time>2026-03-22T20:03:26.000Z</Time><Position><LatitudeDegrees>24.693368911743164</LatitudeDegrees><LongitudeDegrees>120.89263916015625</LongitudeDegrees></Position></Trackpoint><Trackpoint><Time>2026-03-22T20:03:27.000Z</Time><Position><LatitudeDegrees>24.693370819091797</LatitudeDegrees><LongitudeDegrees>120.89264678955078</LongitudeDegrees></Position></Trackpoint><Trackpoint><Time>2026-03-22T20:03:28.000Z</Time><Position><LatitudeDegrees>24.693370819091797</LatitudeDegrees><LongitudeDegrees>120.89266204833984</LongitudeDegrees></Position></Trackpoint><Trackpoint><Time>2026-03-22T20:03:29.000Z</Time><Position><LatitudeDegrees>24.69337272644043</LatitudeDegrees><LongitudeDegrees>120.89266967773438</LongitudeDegrees></Position></Trackpoint><Trackpoint><Time>2026-03-22T20:03:30.000Z</Time><Position><LatitudeDegrees>24.693376541137695</LatitudeDegrees><LongitudeDegrees>120.8926773071289</LongitudeDegrees></Position></Trackpoint><Trackpoint><Time>2026-03-22T20:03:31.000Z</Time><Position><LatitudeDegrees>24.693378448486328</LatitudeDegrees><LongitudeDegrees>120.89269256591797</LongitudeDegrees></Position></Trackpoint><Trackpoint><Time>2026-03-22T20:03:32.000Z</Time><Position><LatitudeDegrees>24.693378448486328</LatitudeDegrees><LongitudeDegrees>120.89270782470703</LongitudeDegrees></Position></Trackpoint><Trackpoint><Time>2026-03-22T20:03:33.000Z</Time><Position><LatitudeDegrees>24.693378448486328</LatitudeDegrees><LongitudeDegrees>120.89271545410156</LongitudeDegrees></Position></Trackpoint><Trackpoint><Time>2026-03-22T20:03:34.000Z</Time><Position><LatitudeDegrees>24.693378448486328</LatitudeDegrees><LongitudeDegrees>120.89273071289062</LongitudeDegrees></Position></Trackpoint><Trackpoint><Time>2026-03-22T20:03:35.000Z</Time><Position><LatitudeDegrees>24.69338035583496</LatitudeDegrees><LongitudeDegrees>120.89273834228516</LongitudeDegrees></Position></Trackpoint><Trackpoint><Time>2026-03-22T20:03:36.000Z</Time><Position><LatitudeDegrees>24.69338035583496</LatitudeDegrees><LongitudeDegrees>120.89274597167969</LongitudeDegrees></Position></Trackpoint><Trackpoint><Time>2026-03-22T20:03:37.000Z</Time><Position><LatitudeDegrees>24.693378448486328</LatitudeDegrees><LongitudeDegrees>120.89276123046875</LongitudeDegrees></Position></Trackpoint><Trackpoint><Time>2026-03-22T20:03:38.000Z</Time><Position><LatitudeDegrees>24.69338035583496</LatitudeDegrees><LongitudeDegrees>120.89276885986328</LongitudeDegrees></Position></Trackpoint><Trackpoint><Time>2026-03-22T20:03:39.000Z</Time><Position><LatitudeDegrees>24.693382263183594</LatitudeDegrees><LongitudeDegrees>120.89277648925781</LongitudeDegrees></Position></Trackpoint><Trackpoint><Time>2026-03-22T20:03:40.000Z</Time><Position><LatitudeDegrees>24.693384170532227</LatitudeDegrees><LongitudeDegrees>120.89279174804688</LongitudeDegrees></Position></Trackpoint><Trackpoint><Time>2026-03-22T20:03:41.000Z</Time><Position><LatitudeDegrees>24.693384170532227</LatitudeDegrees><LongitudeDegrees>120.8927993774414</LongitudeDegrees></Position></Trackpoint><Trackpoint><Time>2026-03-22T20:03:42.000Z</Time><Position><LatitudeDegrees>24.693387985229492</LatitudeDegrees><LongitudeDegrees>120.89280700683594</LongitudeDegrees></Position></Trackpoint><Trackpoint><Time>2026-03-22T20:03:43.000Z</Time><Position><LatitudeDegrees>24.69339370727539</LatitudeDegrees><LongitudeDegrees>120.89281463623047</LongitudeDegrees></Position></Trackpoint><Trackpoint><Time>2026-03-22T20:03:44.000Z</Time><Position><LatitudeDegrees>24.693401336669922</LatitudeDegrees><LongitudeDegrees>120.892822265625</LongitudeDegrees></Position></Trackpoint><Trackpoint><Time>2026-03-22T20:03:45.000Z</Time><Position><LatitudeDegrees>24.693410873413086</LatitudeDegrees><LongitudeDegrees>120.89282989501953</LongitudeDegrees></Position></Trackpoint><Trackpoint><Time>2026-03-22T20:03:46.000Z</Time><Position><LatitudeDegrees>24.693418502807617</LatitudeDegrees><LongitudeDegrees>120.89283752441406</LongitudeDegrees></Position></Trackpoint><Trackpoint><Time>2026-03-22T20:03:47.000Z</Time><Position><LatitudeDegrees>24.693429946899414</LatitudeDegrees><LongitudeDegrees>120.8928451538086</LongitudeDegrees></Position></Trackpoint><Trackpoint><Time>2026-03-22T20:03:48.000Z</Time><Position><LatitudeDegrees>24.693439483642578</LatitudeDegrees><LongitudeDegrees>120.8928451538086</LongitudeDegrees></Position></Trackpoint><Trackpoint><Time>2026-03-22T20:03:49.000Z</Time><Position><LatitudeDegrees>24.693449020385742</LatitudeDegrees><LongitudeDegrees>120.89285278320312</LongitudeDegrees></Position></Trackpoint><Trackpoint><Time>2026-03-22T20:03:50.000Z</Time><Position><LatitudeDegrees>24.693458557128906</LatitudeDegrees><LongitudeDegrees>120.89285278320312</LongitudeDegrees></Position></Trackpoint><Trackpoint><Time>2026-03-22T20:03:51.000Z</Time><Position><LatitudeDegrees>24.69346809387207</LatitudeDegrees><LongitudeDegrees>120.89285278320312</LongitudeDegrees></Position></Trackpoint><Trackpoint><Time>2026-03-22T20:03:52.000Z</Time><Position><LatitudeDegrees>24.693477630615234</LatitudeDegrees><LongitudeDegrees>120.89285278320312</LongitudeDegrees></Position></Trackpoint><Trackpoint><Time>2026-03-22T20:03:53.000Z</Time><Position><LatitudeDegrees>24.693485260009766</LatitudeDegrees><LongitudeDegrees>120.89285278320312</LongitudeDegrees></Position></Trackpoint><Trackpoint><Time>2026-03-22T20:03:54.000Z</Time><Position><LatitudeDegrees>24.69349479675293</LatitudeDegrees><LongitudeDegrees>120.89285278320312</LongitudeDegrees></Position></Trackpoint><Trackpoint><Time>2026-03-22T20:03:55.000Z</Time><Position><LatitudeDegrees>24.693504333496094</LatitudeDegrees><LongitudeDegrees>120.89285278320312</LongitudeDegrees></Position></Trackpoint><Trackpoint><Time>2026-03-22T20:03:56.000Z</Time><Position><LatitudeDegrees>24.693513870239258</LatitudeDegrees><LongitudeDegrees>120.89285278320312</LongitudeDegrees></Position></Trackpoint><Trackpoint><Time>2026-03-22T20:03:57.000Z</Time><Position><LatitudeDegrees>24.693523406982422</LatitudeDegrees><LongitudeDegrees>120.89285278320312</LongitudeDegrees></Position></Trackpoint><Trackpoint><Time>2026-03-22T20:03:58.000Z</Time><Position><LatitudeDegrees>24.69353485107422</LatitudeDegrees><LongitudeDegrees>120.89285278320312</LongitudeDegrees></Position></Trackpoint><Trackpoint><Time>2026-03-22T20:03:59.000Z</Time><Position><LatitudeDegrees>24.693546295166016</LatitudeDegrees><LongitudeDegrees>120.89285278320312</LongitudeDegrees></Position></Trackpoint><Trackpoint><Time>2026-03-22T20:04:00.000Z</Time><Position><LatitudeDegrees>24.693557739257812</LatitudeDegrees><LongitudeDegrees>120.89285278320312</LongitudeDegrees></Position></Trackpoint><Trackpoint><Time>2026-03-22T20:04:01.000Z</Time><Position><LatitudeDegrees>24.693571090698242</LatitudeDegrees><LongitudeDegrees>120.89285278320312</LongitudeDegrees></Position></Trackpoint><Trackpoint><Time>2026-03-22T20:04:02.000Z</Time><Position><LatitudeDegrees>24.693584442138672</LatitudeDegrees><LongitudeDegrees>120.89286041259766</LongitudeDegrees></Position></Trackpoint><Trackpoint><Time>2026-03-22T20:04:03.000Z</Time><Position><LatitudeDegrees>24.6935977935791</LatitudeDegrees><LongitudeDegrees>120.89286041259766</LongitudeDegrees></Position></Trackpoint><Trackpoint><Time>2026-03-22T20:04:04.000Z</Time><Position><LatitudeDegrees>24.6936092376709</LatitudeDegrees><LongitudeDegrees>120.89286804199219</LongitudeDegrees></Position></Trackpoint><Trackpoint><Time>2026-03-22T20:04:05.000Z</Time><Position><LatitudeDegrees>24.693618774414062</LatitudeDegrees><LongitudeDegrees>120.89286804199219</LongitudeDegrees></Position></Trackpoint><Trackpoint><Time>2026-03-22T20:04:06.000Z</Time><Position><LatitudeDegrees>24.693628311157227</LatitudeDegrees><LongitudeDegrees>120.89286804199219</LongitudeDegrees></Position></Trackpoint><Trackpoint><Time>2026-03-22T20:04:07.000Z</Time><Position><LatitudeDegrees>24.693641662597656</LatitudeDegrees><LongitudeDegrees>120.89286804199219</LongitudeDegrees></Position></Trackpoint><Trackpoint><Time>2026-03-22T20:04:08.000Z</Time><Position><LatitudeDegrees>24.69365119934082</LatitudeDegrees><LongitudeDegrees>120.89286804199219</LongitudeDegrees></Position></Trackpoint><Trackpoint><Time>2026-03-22T20:04:09.000Z</Time><Position><LatitudeDegrees>24.693662643432617</LatitudeDegrees><LongitudeDegrees>120.89287567138672</LongitudeDegrees></Position></Trackpoint><Trackpoint><Time>2026-03-22T20:04:10.000Z</Time><Position><LatitudeDegrees>24.693674087524414</LatitudeDegrees><LongitudeDegrees>120.89287567138672</LongitudeDegrees></Position></Trackpoint><Trackpoint><Time>2026-03-22T20:04:11.000Z</Time><Position><LatitudeDegrees>24.69368553161621</LatitudeDegrees><LongitudeDegrees>120.89286804199219</LongitudeDegrees></Position></Trackpoint><Trackpoint><Time>2026-03-22T20:04:12.000Z</Time><Position><LatitudeDegrees>24.693696975708008</LatitudeDegrees><LongitudeDegrees>120.89286804199219</LongitudeDegrees></Position></Trackpoint><Trackpoint><Time>2026-03-22T20:04:13.000Z</Time><Position><LatitudeDegrees>24.693706512451172</LatitudeDegrees><LongitudeDegrees>120.89286804199219</LongitudeDegrees></Position></Trackpoint><Trackpoint><Time>2026-03-22T20:04:14.000Z</Time><Position><LatitudeDegrees>24.693716049194336</LatitudeDegrees><LongitudeDegrees>120.89286804199219</LongitudeDegrees></Position></Trackpoint><Trackpoint><Time>2026-03-22T20:04:15.000Z</Time><Position><LatitudeDegrees>24.6937255859375</LatitudeDegrees><LongitudeDegrees>120.89286804199219</LongitudeDegrees></Position></Trackpoint><Trackpoint><Time>2026-03-22T20:04:16.000Z</Time><Position><LatitudeDegrees>24.693737030029297</LatitudeDegrees><LongitudeDegrees>120.89286804199219</LongitudeDegrees></Position></Trackpoint><Trackpoint><Time>2026-03-22T20:04:17.000Z</Time><Position><LatitudeDegrees>24.693748474121094</LatitudeDegrees><LongitudeDegrees>120.89286804199219</LongitudeDegrees></Position></Trackpoint><Trackpoint><Time>2026-03-22T20:04:18.000Z</Time><Position><LatitudeDegrees>24.69375991821289</LatitudeDegrees><LongitudeDegrees>120.89286804199219</LongitudeDegrees></Position></Trackpoint><Trackpoint><Time>2026-03-22T20:04:19.000Z</Time><Position><LatitudeDegrees>24.693771362304688</LatitudeDegrees><LongitudeDegrees>120.89286804199219</LongitudeDegrees></Position></Trackpoint><Trackpoint><Time>2026-03-22T20:04:20.000Z</Time><Position><LatitudeDegrees>24.693782806396484</LatitudeDegrees><LongitudeDegrees>120.89287567138672</LongitudeDegrees></Position></Trackpoint><Trackpoint><Time>2026-03-22T20:04:21.000Z</Time><Position><LatitudeDegrees>24.69379425048828</LatitudeDegrees><LongitudeDegrees>120.89287567138672</LongitudeDegrees></Position></Trackpoint><Trackpoint><Time>2026-03-22T20:04:22.000Z</Time><Position><LatitudeDegrees>24.693803787231445</LatitudeDegrees><LongitudeDegrees>120.89287567138672</LongitudeDegrees></Position></Trackpoint><Trackpoint><Time>2026-03-22T20:04:23.000Z</Time><Position><LatitudeDegrees>24.693815231323242</LatitudeDegrees><LongitudeDegrees>120.89287567138672</LongitudeDegrees></Position></Trackpoint><Trackpoint><Time>2026-03-22T20:04:24.000Z</Time><Position><LatitudeDegrees>24.69382667541504</LatitudeDegrees><LongitudeDegrees>120.89287567138672</LongitudeDegrees></Position></Trackpoint><Trackpoint><Time>2026-03-22T20:04:25.000Z</Time><Position><LatitudeDegrees>24.693838119506836</LatitudeDegrees><LongitudeDegrees>120.89287567138672</LongitudeDegrees></Position></Trackpoint><Trackpoint><Time>2026-03-22T20:04:26.000Z</Time><Position><LatitudeDegrees>24.693851470947266</LatitudeDegrees><LongitudeDegrees>120.89287567138672</LongitudeDegrees></Position></Trackpoint><Trackpoint><Time>2026-03-22T20:04:27.000Z</Time><Position><LatitudeDegrees>24.693862915039062</LatitudeDegrees><LongitudeDegrees>120.89286804199219</LongitudeDegrees></Position></Trackpoint><Trackpoint><Time>2026-03-22T20:04:28.000Z</Time><Position><LatitudeDegrees>24.69387435913086</LatitudeDegrees><LongitudeDegrees>120.89286804199219</LongitudeDegrees></Position></Trackpoint><Trackpoint><Time>2026-03-22T20:04:29.000Z</Time><Position><LatitudeDegrees>24.693883895874023</LatitudeDegrees><LongitudeDegrees>120.89286804199219</LongitudeDegrees></Position></Trackpoint><Trackpoint><Time>2026-03-22T20:04:30.000Z</Time><Position><LatitudeDegrees>24.693893432617188</LatitudeDegrees><LongitudeDegrees>120.89286804199219</LongitudeDegrees></Position></Trackpoint><Trackpoint><Time>2026-03-22T20:04:31.000Z</Time><Position><LatitudeDegrees>24.69390106201172</LatitudeDegrees><LongitudeDegrees>120.89286804199219</LongitudeDegrees></Position></Trackpoint><Trackpoint><Time>2026-03-22T20:04:32.000Z</Time><Position><LatitudeDegrees>24.693910598754883</LatitudeDegrees><LongitudeDegrees>120.89286041259766</LongitudeDegrees></Position></Trackpoint><Trackpoint><Time>2026-03-22T20:04:33.000Z</Time><Position><LatitudeDegrees>24.69390869140625</LatitudeDegrees><LongitudeDegrees>120.89286041259766</LongitudeDegrees></Position></Trackpoint><Trackpoint><Time>2026-03-22T20:04:34.000Z</Time><Position><LatitudeDegrees>24.69391632080078</LatitudeDegrees><LongitudeDegrees>120.89286041259766</LongitudeDegrees></Position></Trackpoint><Trackpoint><Time>2026-03-22T20:04:35.000Z</Time><Position><LatitudeDegrees>24.693927764892578</LatitudeDegrees><LongitudeDegrees>120.89285278320312</LongitudeDegrees></Position></Trackpoint><Trackpoint><Time>2026-03-22T20:04:36.000Z</Time><Position><LatitudeDegrees>24.693937301635742</LatitudeDegrees><LongitudeDegrees>120.89285278320312</LongitudeDegrees></Position></Trackpoint><Trackpoint><Time>2026-03-22T20:04:37.000Z</Time><Position><LatitudeDegrees>24.693950653076172</LatitudeDegrees><LongitudeDegrees>120.89285278320312</LongitudeDegrees></Position></Trackpoint><Trackpoint><Time>2026-03-22T20:04:38.000Z</Time><Position><LatitudeDegrees>24.69396209716797</LatitudeDegrees><LongitudeDegrees>120.89286041259766</LongitudeDegrees></Position></Trackpoint><Trackpoint><Time>2026-03-22T20:04:39.000Z</Time><Position><LatitudeDegrees>24.693971633911133</LatitudeDegrees><LongitudeDegrees>120.89286041259766</LongitudeDegrees></Position></Trackpoint><Trackpoint><Time>2026-03-22T20:04:40.000Z</Time><Position><LatitudeDegrees>24.693981170654297</LatitudeDegrees><LongitudeDegrees>120.89286041259766</LongitudeDegrees></Position></Trackpoint><Trackpoint><Time>2026-03-22T20:04:41.000Z</Time><Position><LatitudeDegrees>24.69399070739746</LatitudeDegrees><LongitudeDegrees>120.89285278320312</LongitudeDegrees></Position></Trackpoint><Trackpoint><Time>2026-03-22T20:04:42.000Z</Time><Position><LatitudeDegrees>24.694000244140625</LatitudeDegrees><LongitudeDegrees>120.89285278320312</LongitudeDegrees></Position></Trackpoint><Trackpoint><Time>2026-03-22T20:04:43.000Z</Time><Position><LatitudeDegrees>24.694007873535156</LatitudeDegrees><LongitudeDegrees>120.89285278320312</LongitudeDegrees></Position></Trackpoint><Trackpoint><Time>2026-03-22T20:04:44.000Z</Time><Position><LatitudeDegrees>24.69401741027832</LatitudeDegrees><LongitudeDegrees>120.89285278320312</LongitudeDegrees></Position></Trackpoint><Trackpoint><Time>2026-03-22T20:04:45.000Z</Time><Position><LatitudeDegrees>24.69402503967285</LatitudeDegrees><LongitudeDegrees>120.89285278320312</LongitudeDegrees></Position></Trackpoint><Trackpoint><Time>2026-03-22T20:04:46.000Z</Time><Position><LatitudeDegrees>24.694028854370117</LatitudeDegrees><LongitudeDegrees>120.89285278320312</LongitudeDegrees></Position></Trackpoint><Trackpoint><Time>2026-03-22T20:04:47.000Z</Time><Position><LatitudeDegrees>24.694032669067383</LatitudeDegrees><LongitudeDegrees>120.8928451538086</LongitudeDegrees></Position></Trackpoint><Trackpoint><Time>2026-03-22T20:04:48.000Z</Time><Position><LatitudeDegrees>24.69403648376465</LatitudeDegrees><LongitudeDegrees>120.89285278320312</LongitudeDegrees></Position></Trackpoint><Trackpoint><Time>2026-03-22T20:04:49.000Z</Time><Position><LatitudeDegrees>24.694046020507812</LatitudeDegrees><LongitudeDegrees>120.8928451538086</LongitudeDegrees></Position></Trackpoint><Trackpoint><Time>2026-03-22T20:04:50.000Z</Time><Position><LatitudeDegrees>24.69405746459961</LatitudeDegrees><LongitudeDegrees>120.89283752441406</LongitudeDegrees></Position></Trackpoint><Trackpoint><Time>2026-03-22T20:04:51.000Z</Time><Position><LatitudeDegrees>24.69406509399414</LatitudeDegrees><LongitudeDegrees>120.892822265625</LongitudeDegrees></Position></Trackpoint><Trackpoint><Time>2026-03-22T20:04:52.000Z</Time><Position><LatitudeDegrees>24.69407081604004</LatitudeDegrees><LongitudeDegrees>120.89281463623047</LongitudeDegrees></Position></Trackpoint><Trackpoint><Time>2026-03-22T20:04:53.000Z</Time><Position><LatitudeDegrees>24.694072723388672</LatitudeDegrees><LongitudeDegrees>120.89280700683594</LongitudeDegrees></Position></Trackpoint><Trackpoint><Time>2026-03-22T20:04:54.000Z</Time><Position><LatitudeDegrees>24.694074630737305</LatitudeDegrees><LongitudeDegrees>120.8927993774414</LongitudeDegrees></Position></Trackpoint><Trackpoint><Time>2026-03-22T20:04:55.000Z</Time><Position><LatitudeDegrees>24.694080352783203</LatitudeDegrees><LongitudeDegrees>120.8927993774414</LongitudeDegrees></Position></Trackpoint><Trackpoint><Time>2026-03-22T20:04:56.000Z</Time><Position><LatitudeDegrees>24.6940860748291</LatitudeDegrees><LongitudeDegrees>120.89279174804688</LongitudeDegrees></Position></Trackpoint><Trackpoint><Time>2026-03-22T20:04:57.000Z</Time><Position><LatitudeDegrees>24.694091796875</LatitudeDegrees><LongitudeDegrees>120.89278411865234</LongitudeDegrees></Position></Trackpoint><Trackpoint><Time>2026-03-22T20:04:58.000Z</Time><Position><LatitudeDegrees>24.6940975189209</LatitudeDegrees><LongitudeDegrees>120.89278411865234</LongitudeDegrees></Position></Trackpoint><Trackpoint><Time>2026-03-22T20:04:59.000Z</Time><Position><LatitudeDegrees>24.69410514831543</LatitudeDegrees><LongitudeDegrees>120.89277648925781</LongitudeDegrees></Position></Trackpoint><Trackpoint><Time>2026-03-22T20:05:00.000Z</Time><Position><LatitudeDegrees>24.694110870361328</LatitudeDegrees><LongitudeDegrees>120.89277648925781</LongitudeDegrees></Position></Trackpoint><Trackpoint><Time>2026-03-22T20:05:01.000Z</Time><Position><LatitudeDegrees>24.694116592407227</LatitudeDegrees><LongitudeDegrees>120.89276885986328</LongitudeDegrees></Position></Trackpoint><Trackpoint><Time>2026-03-22T20:05:02.000Z</Time><Position><LatitudeDegrees>24.694120407104492</LatitudeDegrees><LongitudeDegrees>120.89276885986328</LongitudeDegrees></Position></Trackpoint><Trackpoint><Time>2026-03-22T20:05:03.000Z</Time><Position><LatitudeDegrees>24.69412612915039</LatitudeDegrees><LongitudeDegrees>120.89276885986328</LongitudeDegrees></Position></Trackpoint><Trackpoint><Time>2026-03-22T20:05:05.000Z</Time><Position><LatitudeDegrees>24.694124221801758</LatitudeDegrees><LongitudeDegrees>120.89276885986328</LongitudeDegrees></Position></Trackpoint><Trackpoint><Time>2026-03-22T20:05:07.000Z</Time><Position><LatitudeDegrees>24.694128036499023</LatitudeDegrees><LongitudeDegrees>120.89276885986328</LongitudeDegrees></Position></Trackpoint><Trackpoint><Time>2026-03-22T20:05:08.000Z</Time><Position><LatitudeDegrees>24.694133758544922</LatitudeDegrees><LongitudeDegrees>120.89276885986328</LongitudeDegrees></Position></Trackpoint><Trackpoint><Time>2026-03-22T20:05:09.000Z</Time><Position><LatitudeDegrees>24.694137573242188</LatitudeDegrees><LongitudeDegrees>120.89276885986328</LongitudeDegrees></Position></Trackpoint><Trackpoint><Time>2026-03-22T20:05:15.000Z</Time><Position><LatitudeDegrees>24.694141387939453</LatitudeDegrees><LongitudeDegrees>120.89276885986328</LongitudeDegrees></Position></Trackpoint><Trackpoint><Time>2026-03-22T20:05:16.000Z</Time><Position><LatitudeDegrees>24.69414520263672</LatitudeDegrees><LongitudeDegrees>120.89276123046875</LongitudeDegrees></Position></Trackpoint><Trackpoint><Time>2026-03-22T20:05:17.000Z</Time><Position><LatitudeDegrees>24.694150924682617</LatitudeDegrees><LongitudeDegrees>120.89276123046875</LongitudeDegrees></Position></Trackpoint><Trackpoint><Time>2026-03-22T20:05:18.000Z</Time><Position><LatitudeDegrees>24.694154739379883</LatitudeDegrees><LongitudeDegrees>120.89276123046875</LongitudeDegrees></Position></Trackpoint><Trackpoint><Time>2026-03-22T20:05:19.000Z</Time><Position><LatitudeDegrees>24.69415855407715</LatitudeDegrees><LongitudeDegrees>120.89276123046875</LongitudeDegrees></Position></Trackpoint><Trackpoint><Time>2026-03-22T20:05:20.000Z</Time><Position><LatitudeDegrees>24.694171905517578</LatitudeDegrees><LongitudeDegrees>120.89275360107422</LongitudeDegrees></Position></Trackpoint><Trackpoint><Time>2026-03-22T20:05:21.000Z</Time><Position><LatitudeDegrees>24.694181442260742</LatitudeDegrees><LongitudeDegrees>120.89275360107422</LongitudeDegrees></Position></Trackpoint><Trackpoint><Time>2026-03-22T20:05:22.000Z</Time><Position><LatitudeDegrees>24.694190979003906</LatitudeDegrees><LongitudeDegrees>120.89275360107422</LongitudeDegrees></Position></Trackpoint><Trackpoint><Time>2026-03-22T20:05:23.000Z</Time><Position><LatitudeDegrees>24.694202423095703</LatitudeDegrees><LongitudeDegrees>120.89275360107422</LongitudeDegrees></Position></Trackpoint><Trackpoint><Time>2026-03-22T20:05:24.000Z</Time><Position><LatitudeDegrees>24.694215774536133</LatitudeDegrees><LongitudeDegrees>120.89274597167969</LongitudeDegrees></Position></Trackpoint><Trackpoint><Time>2026-03-22T20:05:25.000Z</Time><Position><LatitudeDegrees>24.69422721862793</LatitudeDegrees><LongitudeDegrees>120.89275360107422</LongitudeDegrees></Position></Trackpoint><Trackpoint><Time>2026-03-22T20:05:26.000Z</Time><Position><LatitudeDegrees>24.69424057006836</LatitudeDegrees><LongitudeDegrees>120.89275360107422</LongitudeDegrees></Position></Trackpoint><Trackpoint><Time>2026-03-22T20:05:27.000Z</Time><Position><LatitudeDegrees>24.694252014160156</LatitudeDegrees><LongitudeDegrees>120.89275360107422</LongitudeDegrees></Position></Trackpoint><Trackpoint><Time>2026-03-22T20:05:28.000Z</Time><Position><LatitudeDegrees>24.694265365600586</LatitudeDegrees><LongitudeDegrees>120.89275360107422</LongitudeDegrees></Position></Trackpoint><Trackpoint><Time>2026-03-22T20:05:29.000Z</Time><Position><LatitudeDegrees>24.694278717041016</LatitudeDegrees><LongitudeDegrees>120.89275360107422</LongitudeDegrees></Position></Trackpoint><Trackpoint><Time>2026-03-22T20:05:30.000Z</Time><Position><LatitudeDegrees>24.694293975830078</LatitudeDegrees><LongitudeDegrees>120.89275360107422</LongitudeDegrees></Position></Trackpoint><Trackpoint><Time>2026-03-22T20:05:31.000Z</Time><Position><LatitudeDegrees>24.694305419921875</LatitudeDegrees><LongitudeDegrees>120.89275360107422</LongitudeDegrees></Position></Trackpoint><Trackpoint><Time>2026-03-22T20:05:32.000Z</Time><Position><LatitudeDegrees>24.69431495666504</LatitudeDegrees><LongitudeDegrees>120.89274597167969</LongitudeDegrees></Position></Trackpoint><Trackpoint><Time>2026-03-22T20:05:33.000Z</Time><Position><LatitudeDegrees>24.69432830810547</LatitudeDegrees><LongitudeDegrees>120.89275360107422</LongitudeDegrees></Position></Trackpoint><Trackpoint><Time>2026-03-22T20:05:34.000Z</Time><Position><LatitudeDegrees>24.694337844848633</LatitudeDegrees><LongitudeDegrees>120.89275360107422</LongitudeDegrees></Position></Trackpoint><Trackpoint><Time>2026-03-22T20:05:35.000Z</Time><Position><LatitudeDegrees>24.69434356689453</LatitudeDegrees><LongitudeDegrees>120.89273834228516</LongitudeDegrees></Position></Trackpoint><Trackpoint><Time>2026-03-22T20:05:36.000Z</Time><Position><LatitudeDegrees>24.694355010986328</LatitudeDegrees><LongitudeDegrees>120.89273834228516</LongitudeDegrees></Position></Trackpoint><Trackpoint><Time>2026-03-22T20:05:37.000Z</Time><Position><LatitudeDegrees>24.694366455078125</LatitudeDegrees><LongitudeDegrees>120.89274597167969</LongitudeDegrees></Position></Trackpoint><Trackpoint><Time>2026-03-22T20:05:38.000Z</Time><Position><LatitudeDegrees>24.694377899169922</LatitudeDegrees><LongitudeDegrees>120.89276123046875</LongitudeDegrees></Position></Trackpoint><Trackpoint><Time>2026-03-22T20:05:39.000Z</Time><Position><LatitudeDegrees>24.694395065307617</LatitudeDegrees><LongitudeDegrees>120.89276885986328</LongitudeDegrees></Position></Trackpoint><Trackpoint><Time>2026-03-22T20:05:40.000Z</Time><Position><LatitudeDegrees>24.694408416748047</LatitudeDegrees><LongitudeDegrees>120.89277648925781</LongitudeDegrees></Position></Trackpoint><Trackpoint><Time>2026-03-22T20:05:41.000Z</Time><Position><LatitudeDegrees>24.694419860839844</LatitudeDegrees><LongitudeDegrees>120.89278411865234</LongitudeDegrees></Position></Trackpoint><Trackpoint><Time>2026-03-22T20:05:42.000Z</Time><Position><LatitudeDegrees>24.69443130493164</LatitudeDegrees><LongitudeDegrees>120.8927993774414</LongitudeDegrees></Position></Trackpoint><Trackpoint><Time>2026-03-22T20:05:43.000Z</Time><Position><LatitudeDegrees>24.694440841674805</LatitudeDegrees><LongitudeDegrees>120.89280700683594</LongitudeDegrees></Position></Trackpoint><Trackpoint><Time>2026-03-22T20:05:44.000Z</Time><Position><LatitudeDegrees>24.694448471069336</LatitudeDegrees><LongitudeDegrees>120.89281463623047</LongitudeDegrees></Position></Trackpoint><Trackpoint><Time>2026-03-22T20:05:45.000Z</Time><Position><LatitudeDegrees>24.6944580078125</LatitudeDegrees><LongitudeDegrees>120.892822265625</LongitudeDegrees></Position></Trackpoint><Trackpoint><Time>2026-03-22T20:05:46.000Z</Time><Position><LatitudeDegrees>24.694467544555664</LatitudeDegrees><LongitudeDegrees>120.89282989501953</LongitudeDegrees></Position></Trackpoint><Trackpoint><Time>2026-03-22T20:05:47.000Z</Time><Position><LatitudeDegrees>24.694477081298828</LatitudeDegrees><LongitudeDegrees>120.89283752441406</LongitudeDegrees></Position></Trackpoint><Trackpoint><Time>2026-03-22T20:05:48.000Z</Time><Position><LatitudeDegrees>24.69448471069336</LatitudeDegrees><LongitudeDegrees>120.8928451538086</LongitudeDegrees></Position></Trackpoint><Trackpoint><Time>2026-03-22T20:05:49.000Z</Time><Position><LatitudeDegrees>24.694490432739258</LatitudeDegrees><LongitudeDegrees>120.89285278320312</LongitudeDegrees></Position></Trackpoint><Trackpoint><Time>2026-03-22T20:05:50.000Z</Time><Position><LatitudeDegrees>24.694494247436523</LatitudeDegrees><LongitudeDegrees>120.89286041259766</LongitudeDegrees></Position></Trackpoint><Trackpoint><Time>2026-03-22T20:05:51.000Z</Time><Position><LatitudeDegrees>24.694501876831055</LatitudeDegrees><LongitudeDegrees>120.89286041259766</LongitudeDegrees></Position></Trackpoint><Trackpoint><Time>2026-03-22T20:05:52.000Z</Time><Position><LatitudeDegrees>24.69451332092285</LatitudeDegrees><LongitudeDegrees>120.89286041259766</LongitudeDegrees></Position></Trackpoint><Trackpoint><Time>2026-03-22T20:05:53.000Z</Time><Position><LatitudeDegrees>24.69452476501465</LatitudeDegrees><LongitudeDegrees>120.89286804199219</LongitudeDegrees></Position></Trackpoint><Trackpoint><Time>2026-03-22T20:05:54.000Z</Time><Position><LatitudeDegrees>24.694538116455078</LatitudeDegrees><LongitudeDegrees>120.89286804199219</LongitudeDegrees></Position></Trackpoint><Trackpoint><Time>2026-03-22T20:05:55.000Z</Time><Position><LatitudeDegrees>24.69455337524414</LatitudeDegrees><LongitudeDegrees>120.89286041259766</LongitudeDegrees></Position></Trackpoint><Trackpoint><Time>2026-03-22T20:05:56.000Z</Time><Position><LatitudeDegrees>24.694570541381836</LatitudeDegrees><LongitudeDegrees>120.89286041259766</LongitudeDegrees></Position></Trackpoint><Trackpoint><Time>2026-03-22T20:05:57.000Z</Time><Position><LatitudeDegrees>24.6945858001709</LatitudeDegrees><LongitudeDegrees>120.8928451538086</LongitudeDegrees></Position></Trackpoint><Trackpoint><Time>2026-03-22T20:05:58.000Z</Time><Position><LatitudeDegrees>24.694599151611328</LatitudeDegrees><LongitudeDegrees>120.89283752441406</LongitudeDegrees></Position></Trackpoint><Trackpoint><Time>2026-03-22T20:05:59.000Z</Time><Position><LatitudeDegrees>24.694612503051758</LatitudeDegrees><LongitudeDegrees>120.89283752441406</LongitudeDegrees></Position></Trackpoint><Trackpoint><Time>2026-03-22T20:06:00.000Z</Time><Position><LatitudeDegrees>24.694629669189453</LatitudeDegrees><LongitudeDegrees>120.8928451538086</LongitudeDegrees></Position></Trackpoint><Trackpoint><Time>2026-03-22T20:06:01.000Z</Time><Position><LatitudeDegrees>24.69464683532715</LatitudeDegrees><LongitudeDegrees>120.89285278320312</LongitudeDegrees></Position></Trackpoint><Trackpoint><Time>2026-03-22T20:06:02.000Z</Time><Position><LatitudeDegrees>24.69466209411621</LatitudeDegrees><LongitudeDegrees>120.89285278320312</LongitudeDegrees></Position></Trackpoint><Trackpoint><Time>2026-03-22T20:06:03.000Z</Time><Position><LatitudeDegrees>24.694673538208008</LatitudeDegrees><LongitudeDegrees>120.89285278320312</LongitudeDegrees></Position></Trackpoint><Trackpoint><Time>2026-03-22T20:06:04.000Z</Time><Position><LatitudeDegrees>24.694683074951172</LatitudeDegrees><LongitudeDegrees>120.8928451538086</LongitudeDegrees></Position></Trackpoint><Trackpoint><Time>2026-03-22T20:06:05.000Z</Time><Position><LatitudeDegrees>24.69468879699707</LatitudeDegrees><LongitudeDegrees>120.8928451538086</LongitudeDegrees></Position></Trackpoint><Trackpoint><Time>2026-03-22T20:06:06.000Z</Time><Position><LatitudeDegrees>24.694698333740234</LatitudeDegrees><LongitudeDegrees>120.8928451538086</LongitudeDegrees></Position></Trackpoint><Trackpoint><Time>2026-03-22T20:06:07.000Z</Time><Position><LatitudeDegrees>24.69470977783203</LatitudeDegrees><LongitudeDegrees>120.89283752441406</LongitudeDegrees></Position></Trackpoint><Trackpoint><Time>2026-03-22T20:06:08.000Z</Time><Position><LatitudeDegrees>24.694719314575195</LatitudeDegrees><LongitudeDegrees>120.89282989501953</LongitudeDegrees></Position></Trackpoint><Trackpoint><Time>2026-03-22T20:06:09.000Z</Time><Position><LatitudeDegrees>24.69472885131836</LatitudeDegrees><LongitudeDegrees>120.892822265625</LongitudeDegrees></Position></Trackpoint><Trackpoint><Time>2026-03-22T20:06:10.000Z</Time><Position><LatitudeDegrees>24.69474220275879</LatitudeDegrees><LongitudeDegrees>120.892822265625</LongitudeDegrees></Position></Trackpoint><Trackpoint><Time>2026-03-22T20:06:11.000Z</Time><Position><LatitudeDegrees>24.69475555419922</LatitudeDegrees><LongitudeDegrees>120.892822265625</LongitudeDegrees></Position></Trackpoint><Trackpoint><Time>2026-03-22T20:06:12.000Z</Time><Position><LatitudeDegrees>24.69477081298828</LatitudeDegrees><LongitudeDegrees>120.892822265625</LongitudeDegrees></Position></Trackpoint><Trackpoint><Time>2026-03-22T20:06:13.000Z</Time><Position><LatitudeDegrees>24.694782257080078</LatitudeDegrees><LongitudeDegrees>120.892822265625</LongitudeDegrees></Position></Trackpoint><Trackpoint><Time>2026-03-22T20:06:14.000Z</Time><Position><LatitudeDegrees>24.694795608520508</LatitudeDegrees><LongitudeDegrees>120.892822265625</LongitudeDegrees></Position></Trackpoint><Trackpoint><Time>2026-03-22T20:06:15.000Z</Time><Position><LatitudeDegrees>24.694808959960938</LatitudeDegrees><LongitudeDegrees>120.89282989501953</LongitudeDegrees></Position></Trackpoint><Trackpoint><Time>2026-03-22T20:06:16.000Z</Time><Position><LatitudeDegrees>24.6948184967041</LatitudeDegrees><LongitudeDegrees>120.892822265625</LongitudeDegrees></Position></Trackpoint><Trackpoint><Time>2026-03-22T20:06:17.000Z</Time><Position><LatitudeDegrees>24.6948299407959</LatitudeDegrees><LongitudeDegrees>120.89281463623047</LongitudeDegrees></Position></Trackpoint><Trackpoint><Time>2026-03-22T20:06:18.000Z</Time><Position><LatitudeDegrees>24.694841384887695</LatitudeDegrees><LongitudeDegrees>120.89280700683594</LongitudeDegrees></Position></Trackpoint><Trackpoint><Time>2026-03-22T20:06:19.000Z</Time><Position><LatitudeDegrees>24.69485092163086</LatitudeDegrees><LongitudeDegrees>120.89280700683594</LongitudeDegrees></Position></Trackpoint><Trackpoint><Time>2026-03-22T20:06:20.000Z</Time><Position><LatitudeDegrees>24.694860458374023</LatitudeDegrees><LongitudeDegrees>120.8927993774414</LongitudeDegrees></Position></Trackpoint><Trackpoint><Time>2026-03-22T20:06:21.000Z</Time><Position><LatitudeDegrees>24.69487190246582</LatitudeDegrees><LongitudeDegrees>120.8927993774414</LongitudeDegrees></Position></Trackpoint><Trackpoint><Time>2026-03-22T20:06:22.000Z</Time><Position><LatitudeDegrees>24.694881439208984</LatitudeDegrees><LongitudeDegrees>120.89279174804688</LongitudeDegrees></Position></Trackpoint><Trackpoint><Time>2026-03-22T20:06:23.000Z</Time><Position><LatitudeDegrees>24.69489097595215</LatitudeDegrees><LongitudeDegrees>120.8927993774414</LongitudeDegrees></Position></Trackpoint><Trackpoint><Time>2026-03-22T20:06:24.000Z</Time><Position><LatitudeDegrees>24.694902420043945</LatitudeDegrees><LongitudeDegrees>120.8927993774414</LongitudeDegrees></Position></Trackpoint><Trackpoint><Time>2026-03-22T20:06:25.000Z</Time><Position><LatitudeDegrees>24.694915771484375</LatitudeDegrees><LongitudeDegrees>120.8927993774414</LongitudeDegrees></Position></Trackpoint><Trackpoint><Time>2026-03-22T20:06:26.000Z</Time><Position><LatitudeDegrees>24.694929122924805</LatitudeDegrees><LongitudeDegrees>120.8927993774414</LongitudeDegrees></Position></Trackpoint><Trackpoint><Time>2026-03-22T20:06:27.000Z</Time><Position><LatitudeDegrees>24.694942474365234</LatitudeDegrees><LongitudeDegrees>120.8927993774414</LongitudeDegrees></Position></Trackpoint><Trackpoint><Time>2026-03-22T20:06:28.000Z</Time><Position><LatitudeDegrees>24.6949520111084</LatitudeDegrees><LongitudeDegrees>120.89281463623047</LongitudeDegrees></Position></Trackpoint><Trackpoint><Time>2026-03-22T20:06:29.000Z</Time><Position><LatitudeDegrees>24.694957733154297</LatitudeDegrees><LongitudeDegrees>120.892822265625</LongitudeDegrees></Position></Trackpoint><Trackpoint><Time>2026-03-22T20:06:30.000Z</Time><Position><LatitudeDegrees>24.694965362548828</LatitudeDegrees><LongitudeDegrees>120.89283752441406</LongitudeDegrees></Position></Trackpoint><Trackpoint><Time>2026-03-22T20:06:31.000Z</Time><Position><LatitudeDegrees>24.694969177246094</LatitudeDegrees><LongitudeDegrees>120.89285278320312</LongitudeDegrees></Position></Trackpoint><Trackpoint><Time>2026-03-22T20:06:32.000Z</Time><Position><LatitudeDegrees>24.694982528686523</LatitudeDegrees><LongitudeDegrees>120.89286041259766</LongitudeDegrees></Position></Trackpoint><Trackpoint><Time>2026-03-22T20:06:33.000Z</Time><Position><LatitudeDegrees>24.694990158081055</LatitudeDegrees><LongitudeDegrees>120.89287567138672</LongitudeDegrees></Position></Trackpoint><Trackpoint><Time>2026-03-22T20:06:34.000Z</Time><Position><LatitudeDegrees>24.694997787475586</LatitudeDegrees><LongitudeDegrees>120.89289093017578</LongitudeDegrees></Position></Trackpoint><Trackpoint><Time>2026-03-22T20:06:35.000Z</Time><Position><LatitudeDegrees>24.695009231567383</LatitudeDegrees><LongitudeDegrees>120.89289855957031</LongitudeDegrees></Position></Trackpoint><Trackpoint><Time>2026-03-22T20:06:36.000Z</Time><Position><LatitudeDegrees>24.69502067565918</LatitudeDegrees><LongitudeDegrees>120.89291381835938</LongitudeDegrees></Position></Trackpoint><Trackpoint><Time>2026-03-22T20:06:37.000Z</Time><Position><LatitudeDegrees>24.695035934448242</LatitudeDegrees><LongitudeDegrees>120.8929214477539</LongitudeDegrees></Position></Trackpoint><Trackpoint><Time>2026-03-22T20:06:38.000Z</Time><Position><LatitudeDegrees>24.69504737854004</LatitudeDegrees><LongitudeDegrees>120.89292907714844</LongitudeDegrees></Position></Trackpoint><Trackpoint><Time>2026-03-22T20:06:39.000Z</Time><Position><LatitudeDegrees>24.695058822631836</LatitudeDegrees><LongitudeDegrees>120.89292907714844</LongitudeDegrees></Position></Trackpoint><Trackpoint><Time>2026-03-22T20:06:40.000Z</Time><Position><LatitudeDegrees>24.6950740814209</LatitudeDegrees><LongitudeDegrees>120.89292907714844</LongitudeDegrees></Position></Trackpoint><Trackpoint><Time>2026-03-22T20:06:41.000Z</Time><Position><LatitudeDegrees>24.695085525512695</LatitudeDegrees><LongitudeDegrees>120.89293670654297</LongitudeDegrees></Position></Trackpoint><Trackpoint><Time>2026-03-22T20:06:42.000Z</Time><Position><LatitudeDegrees>24.695098876953125</LatitudeDegrees><LongitudeDegrees>120.89292907714844</LongitudeDegrees></Position></Trackpoint><Trackpoint><Time>2026-03-22T20:06:43.000Z</Time><Position><LatitudeDegrees>24.695110321044922</LatitudeDegrees><LongitudeDegrees>120.89292907714844</LongitudeDegrees></Position></Trackpoint><Trackpoint><Time>2026-03-22T20:06:44.000Z</Time><Position><LatitudeDegrees>24.69512367248535</LatitudeDegrees><LongitudeDegrees>120.8929214477539</LongitudeDegrees></Position></Trackpoint><Trackpoint><Time>2026-03-22T20:06:45.000Z</Time><Position><LatitudeDegrees>24.69513702392578</LatitudeDegrees><LongitudeDegrees>120.89291381835938</LongitudeDegrees></Position></Trackpoint><Trackpoint><Time>2026-03-22T20:06:46.000Z</Time><Position><LatitudeDegrees>24.695152282714844</LatitudeDegrees><LongitudeDegrees>120.89291381835938</LongitudeDegrees></Position></Trackpoint><Trackpoint><Time>2026-03-22T20:06:47.000Z</Time><Position><LatitudeDegrees>24.695167541503906</LatitudeDegrees><LongitudeDegrees>120.89291381835938</LongitudeDegrees></Position></Trackpoint><Trackpoint><Time>2026-03-22T20:06:48.000Z</Time><Position><LatitudeDegrees>24.695180892944336</LatitudeDegrees><LongitudeDegrees>120.89291381835938</LongitudeDegrees></Position></Trackpoint><Trackpoint><Time>2026-03-22T20:06:49.000Z</Time><Position><LatitudeDegrees>24.695194244384766</LatitudeDegrees><LongitudeDegrees>120.89291381835938</LongitudeDegrees></Position></Trackpoint><Trackpoint><Time>2026-03-22T20:06:50.000Z</Time><Position><LatitudeDegrees>24.695207595825195</LatitudeDegrees><LongitudeDegrees>120.8929214477539</LongitudeDegrees></Position></Trackpoint><Trackpoint><Time>2026-03-22T20:06:51.000Z</Time><Position><LatitudeDegrees>24.695222854614258</LatitudeDegrees><LongitudeDegrees>120.89292907714844</LongitudeDegrees></Position></Trackpoint><Trackpoint><Time>2026-03-22T20:06:52.000Z</Time><Position><LatitudeDegrees>24.69523811340332</LatitudeDegrees><LongitudeDegrees>120.89292907714844</LongitudeDegrees></Position></Trackpoint><Trackpoint><Time>2026-03-22T20:06:53.000Z</Time><Position><LatitudeDegrees>24.69524574279785</LatitudeDegrees><LongitudeDegrees>120.89293670654297</LongitudeDegrees></Position></Trackpoint><Trackpoint><Time>2026-03-22T20:06:54.000Z</Time><Position><LatitudeDegrees>24.695261001586914</LatitudeDegrees><LongitudeDegrees>120.89293670654297</LongitudeDegrees></Position></Trackpoint><Trackpoint><Time>2026-03-22T20:06:55.000Z</Time><Position><LatitudeDegrees>24.69527816772461</LatitudeDegrees><LongitudeDegrees>120.89293670654297</LongitudeDegrees></Position></Trackpoint><Trackpoint><Time>2026-03-22T20:06:56.000Z</Time><Position><LatitudeDegrees>24.69529151916504</LatitudeDegrees><LongitudeDegrees>120.8929443359375</LongitudeDegrees></Position></Trackpoint><Trackpoint><Time>2026-03-22T20:06:57.000Z</Time><Position><LatitudeDegrees>24.69529914855957</LatitudeDegrees><LongitudeDegrees>120.8929443359375</LongitudeDegrees></Position></Trackpoint><Trackpoint><Time>2026-03-22T20:06:58.000Z</Time><Position><LatitudeDegrees>24.6953067779541</LatitudeDegrees><LongitudeDegrees>120.8929443359375</LongitudeDegrees></Position></Trackpoint><Trackpoint><Time>2026-03-22T20:06:59.000Z</Time><Position><LatitudeDegrees>24.695314407348633</LatitudeDegrees><LongitudeDegrees>120.8929443359375</LongitudeDegrees></Position></Trackpoint><Trackpoint><Time>2026-03-22T20:07:00.000Z</Time><Position><LatitudeDegrees>24.695322036743164</LatitudeDegrees><LongitudeDegrees>120.8929443359375</LongitudeDegrees></Position></Trackpoint><Trackpoint><Time>2026-03-22T20:07:01.000Z</Time><Position><LatitudeDegrees>24.695331573486328</LatitudeDegrees><LongitudeDegrees>120.8929443359375</LongitudeDegrees></Position></Trackpoint><Trackpoint><Time>2026-03-22T20:07:02.000Z</Time><Position><LatitudeDegrees>24.695343017578125</LatitudeDegrees><LongitudeDegrees>120.8929443359375</LongitudeDegrees></Position></Trackpoint><Trackpoint><Time>2026-03-22T20:07:03.000Z</Time><Position><LatitudeDegrees>24.69535255432129</LatitudeDegrees><LongitudeDegrees>120.89293670654297</LongitudeDegrees></Position></Trackpoint><Trackpoint><Time>2026-03-22T20:07:04.000Z</Time><Position><LatitudeDegrees>24.695362091064453</LatitudeDegrees><LongitudeDegrees>120.89293670654297</LongitudeDegrees></Position></Trackpoint><Trackpoint><Time>2026-03-22T20:07:05.000Z</Time><Position><LatitudeDegrees>24.695375442504883</LatitudeDegrees><LongitudeDegrees>120.89292907714844</LongitudeDegrees></Position></Trackpoint><Trackpoint><Time>2026-03-22T20:07:06.000Z</Time><Position><LatitudeDegrees>24.695390701293945</LatitudeDegrees><LongitudeDegrees>120.89292907714844</LongitudeDegrees></Position></Trackpoint><Trackpoint><Time>2026-03-22T20:07:07.000Z</Time><Position><LatitudeDegrees>24.695404052734375</LatitudeDegrees><LongitudeDegrees>120.8929214477539</LongitudeDegrees></Position></Trackpoint><Trackpoint><Time>2026-03-22T20:07:08.000Z</Time><Position><LatitudeDegrees>24.695417404174805</LatitudeDegrees><LongitudeDegrees>120.8929214477539</LongitudeDegrees></Position></Trackpoint><Trackpoint><Time>2026-03-22T20:07:09.000Z</Time><Position><LatitudeDegrees>24.695432662963867</LatitudeDegrees><LongitudeDegrees>120.8929214477539</LongitudeDegrees></Position></Trackpoint><Trackpoint><Time>2026-03-22T20:07:10.000Z</Time><Position><LatitudeDegrees>24.695446014404297</LatitudeDegrees><LongitudeDegrees>120.89291381835938</LongitudeDegrees></Position></Trackpoint><Trackpoint><Time>2026-03-22T20:07:11.000Z</Time><Position><LatitudeDegrees>24.695459365844727</LatitudeDegrees><LongitudeDegrees>120.89290618896484</LongitudeDegrees></Position></Trackpoint><Trackpoint><Time>2026-03-22T20:07:12.000Z</Time><Position><LatitudeDegrees>24.695470809936523</LatitudeDegrees><LongitudeDegrees>120.89290618896484</LongitudeDegrees></Position></Trackpoint><Trackpoint><Time>2026-03-22T20:07:13.000Z</Time><Position><LatitudeDegrees>24.69548225402832</LatitudeDegrees><LongitudeDegrees>120.89290618896484</LongitudeDegrees></Position></Trackpoint><Trackpoint><Time>2026-03-22T20:07:14.000Z</Time><Position><LatitudeDegrees>24.69549560546875</LatitudeDegrees><LongitudeDegrees>120.89290618896484</LongitudeDegrees></Position></Trackpoint><Trackpoint><Time>2026-03-22T20:07:15.000Z</Time><Position><LatitudeDegrees>24.695507049560547</LatitudeDegrees><LongitudeDegrees>120.89290618896484</LongitudeDegrees></Position></Trackpoint><Trackpoint><Time>2026-03-22T20:07:16.000Z</Time><Position><LatitudeDegrees>24.69551658630371</LatitudeDegrees><LongitudeDegrees>120.89289855957031</LongitudeDegrees></Position></Trackpoint><Trackpoint><Time>2026-03-22T20:07:17.000Z</Time><Position><LatitudeDegrees>24.695524215698242</LatitudeDegrees><LongitudeDegrees>120.89289855957031</LongitudeDegrees></Position></Trackpoint><Trackpoint><Time>2026-03-22T20:07:18.000Z</Time><Position><LatitudeDegrees>24.695533752441406</LatitudeDegrees><LongitudeDegrees>120.89289855957031</LongitudeDegrees></Position></Trackpoint><Trackpoint><Time>2026-03-22T20:07:19.000Z</Time><Position><LatitudeDegrees>24.695545196533203</LatitudeDegrees><LongitudeDegrees>120.89289855957031</LongitudeDegrees></Position></Trackpoint><Trackpoint><Time>2026-03-22T20:07:20.000Z</Time><Position><LatitudeDegrees>24.695554733276367</LatitudeDegrees><LongitudeDegrees>120.89289855957031</LongitudeDegrees></Position></Trackpoint><Trackpoint><Time>2026-03-22T20:07:21.000Z</Time><Position><LatitudeDegrees>24.695566177368164</LatitudeDegrees><LongitudeDegrees>120.89289855957031</LongitudeDegrees></Position></Trackpoint><Trackpoint><Time>2026-03-22T20:07:22.000Z</Time><Position><LatitudeDegrees>24.695579528808594</LatitudeDegrees><LongitudeDegrees>120.89290618896484</LongitudeDegrees></Position></Trackpoint><Trackpoint><Time>2026-03-22T20:07:23.000Z</Time><Position><LatitudeDegrees>24.695592880249023</LatitudeDegrees><LongitudeDegrees>120.89290618896484</LongitudeDegrees></Position></Trackpoint><Trackpoint><Time>2026-03-22T20:07:24.000Z</Time><Position><LatitudeDegrees>24.695606231689453</LatitudeDegrees><LongitudeDegrees>120.89291381835938</LongitudeDegrees></Position></Trackpoint><Trackpoint><Time>2026-03-22T20:07:25.000Z</Time><Position><LatitudeDegrees>24.695619583129883</LatitudeDegrees><LongitudeDegrees>120.89291381835938</LongitudeDegrees></Position></Trackpoint><Trackpoint><Time>2026-03-22T20:07:26.000Z</Time><Position><LatitudeDegrees>24.695634841918945</LatitudeDegrees><LongitudeDegrees>120.8929214477539</LongitudeDegrees></Position></Trackpoint><Trackpoint><Time>2026-03-22T20:07:27.000Z</Time><Position><LatitudeDegrees>24.695650100708008</LatitudeDegrees><LongitudeDegrees>120.8929214477539</LongitudeDegrees></Position></Trackpoint><Trackpoint><Time>2026-03-22T20:07:28.000Z</Time><Position><LatitudeDegrees>24.695667266845703</LatitudeDegrees><LongitudeDegrees>120.8929214477539</LongitudeDegrees></Position></Trackpoint><Trackpoint><Time>2026-03-22T20:07:29.000Z</Time><Position><LatitudeDegrees>24.6956844329834</LatitudeDegrees><LongitudeDegrees>120.89292907714844</LongitudeDegrees></Position></Trackpoint><Trackpoint><Time>2026-03-22T20:07:30.000Z</Time><Position><LatitudeDegrees>24.69569969177246</LatitudeDegrees><LongitudeDegrees>120.89292907714844</LongitudeDegrees></Position></Trackpoint><Trackpoint><Time>2026-03-22T20:07:31.000Z</Time><Position><LatitudeDegrees>24.695714950561523</LatitudeDegrees><LongitudeDegrees>120.89292907714844</LongitudeDegrees></Position></Trackpoint><Trackpoint><Time>2026-03-22T20:07:32.000Z</Time><Position><LatitudeDegrees>24.695728302001953</LatitudeDegrees><LongitudeDegrees>120.89292907714844</LongitudeDegrees></Position></Trackpoint><Trackpoint><Time>2026-03-22T20:07:33.000Z</Time><Position><LatitudeDegrees>24.69573974609375</LatitudeDegrees><LongitudeDegrees>120.89293670654297</LongitudeDegrees></Position></Trackpoint><Trackpoint><Time>2026-03-22T20:07:34.000Z</Time><Position><LatitudeDegrees>24.695751190185547</LatitudeDegrees><LongitudeDegrees>120.89293670654297</LongitudeDegrees></Position></Trackpoint><Trackpoint><Time>2026-03-22T20:07:35.000Z</Time><Position><LatitudeDegrees>24.69576072692871</LatitudeDegrees><LongitudeDegrees>120.89293670654297</LongitudeDegrees></Position></Trackpoint><Trackpoint><Time>2026-03-22T20:07:36.000Z</Time><Position><LatitudeDegrees>24.695772171020508</LatitudeDegrees><LongitudeDegrees>120.8929443359375</LongitudeDegrees></Position></Trackpoint><Trackpoint><Time>2026-03-22T20:07:37.000Z</Time><Position><LatitudeDegrees>24.695781707763672</LatitudeDegrees><LongitudeDegrees>120.89295196533203</LongitudeDegrees></Position></Trackpoint><Trackpoint><Time>2026-03-22T20:07:38.000Z</Time><Position><LatitudeDegrees>24.695789337158203</LatitudeDegrees><LongitudeDegrees>120.89295196533203</LongitudeDegrees></Position></Trackpoint><Trackpoint><Time>2026-03-22T20:07:39.000Z</Time><Position><LatitudeDegrees>24.695798873901367</LatitudeDegrees><LongitudeDegrees>120.89295959472656</LongitudeDegrees></Position></Trackpoint><Trackpoint><Time>2026-03-22T20:07:40.000Z</Time><Position><LatitudeDegrees>24.695810317993164</LatitudeDegrees><LongitudeDegrees>120.8929672241211</LongitudeDegrees></Position></Trackpoint><Trackpoint><Time>2026-03-22T20:07:41.000Z</Time><Position><LatitudeDegrees>24.695819854736328</LatitudeDegrees><LongitudeDegrees>120.89297485351562</LongitudeDegrees></Position></Trackpoint><Trackpoint><Time>2026-03-22T20:07:42.000Z</Time><Position><LatitudeDegrees>24.695829391479492</LatitudeDegrees><LongitudeDegrees>120.89298248291016</LongitudeDegrees></Position></Trackpoint><Trackpoint><Time>2026-03-22T20:07:43.000Z</Time><Position><LatitudeDegrees>24.695833206176758</LatitudeDegrees><LongitudeDegrees>120.89299011230469</LongitudeDegrees></Position></Trackpoint><Trackpoint><Time>2026-03-22T20:07:44.000Z</Time><Position><LatitudeDegrees>24.695838928222656</LatitudeDegrees><LongitudeDegrees>120.89299774169922</LongitudeDegrees></Position></Trackpoint><Trackpoint><Time>2026-03-22T20:07:45.000Z</Time><Position><LatitudeDegrees>24.695846557617188</LatitudeDegrees><LongitudeDegrees>120.89300537109375</LongitudeDegrees></Position></Trackpoint><Trackpoint><Time>2026-03-22T20:07:46.000Z</Time><Position><LatitudeDegrees>24.69585418701172</LatitudeDegrees><LongitudeDegrees>120.89301300048828</LongitudeDegrees></Position></Trackpoint><Trackpoint><Time>2026-03-22T20:07:47.000Z</Time><Position><LatitudeDegrees>24.695859909057617</LatitudeDegrees><LongitudeDegrees>120.89302062988281</LongitudeDegrees></Position></Trackpoint><Trackpoint><Time>2026-03-22T20:07:48.000Z</Time><Position><LatitudeDegrees>24.695865631103516</LatitudeDegrees><LongitudeDegrees>120.89302062988281</LongitudeDegrees></Position></Trackpoint><Trackpoint><Time>2026-03-22T20:07:49.000Z</Time><Position><LatitudeDegrees>24.69586944580078</LatitudeDegrees><LongitudeDegrees>120.89302825927734</LongitudeDegrees></Position></Trackpoint><Trackpoint><Time>2026-03-22T20:07:50.000Z</Time><Position><LatitudeDegrees>24.695877075195312</LatitudeDegrees><LongitudeDegrees>120.89302825927734</LongitudeDegrees></Position></Trackpoint><Trackpoint><Time>2026-03-22T20:07:51.000Z</Time><Position><LatitudeDegrees>24.69587516784668</LatitudeDegrees><LongitudeDegrees>120.89302825927734</LongitudeDegrees></Position></Trackpoint><Trackpoint><Time>2026-03-22T20:07:53.000Z</Time><Position><LatitudeDegrees>24.695877075195312</LatitudeDegrees><LongitudeDegrees>120.89302062988281</LongitudeDegrees></Position></Trackpoint><Trackpoint><Time>2026-03-22T20:07:54.000Z</Time><Position><LatitudeDegrees>24.695878982543945</LatitudeDegrees><LongitudeDegrees>120.89302062988281</LongitudeDegrees></Position></Trackpoint><Trackpoint><Time>2026-03-22T20:07:55.000Z</Time><Position><LatitudeDegrees>24.695878982543945</LatitudeDegrees><LongitudeDegrees>120.89302825927734</LongitudeDegrees></Position></Trackpoint><Trackpoint><Time>2026-03-22T20:07:56.000Z</Time><Position><LatitudeDegrees>24.695880889892578</LatitudeDegrees><LongitudeDegrees>120.89302825927734</LongitudeDegrees></Position></Trackpoint><Trackpoint><Time>2026-03-22T20:07:58.000Z</Time><Position><LatitudeDegrees>24.695878982543945</LatitudeDegrees><LongitudeDegrees>120.89302825927734</LongitudeDegrees></Position></Trackpoint><Trackpoint><Time>2026-03-22T20:08:00.000Z</Time><Position><LatitudeDegrees>24.695878982543945</LatitudeDegrees><LongitudeDegrees>120.89302062988281</LongitudeDegrees></Position></Trackpoint><Trackpoint><Time>2026-03-22T20:08:15.000Z</Time><Position><LatitudeDegrees>24.695877075195312</LatitudeDegrees><LongitudeDegrees>120.89302062988281</LongitudeDegrees></Position></Trackpoint><Trackpoint><Time>2026-03-22T20:08:17.000Z</Time><Position><LatitudeDegrees>24.69587516784668</LatitudeDegrees><LongitudeDegrees>120.89302062988281</LongitudeDegrees></Position></Trackpoint><Trackpoint><Time>2026-03-22T20:08:18.000Z</Time><Position><LatitudeDegrees>24.69587516784668</LatitudeDegrees><LongitudeDegrees>120.89301300048828</LongitudeDegrees></Position></Trackpoint><Trackpoint><Time>2026-03-22T20:08:19.000Z</Time><Position><LatitudeDegrees>24.695880889892578</LatitudeDegrees><LongitudeDegrees>120.89300537109375</LongitudeDegrees></Position></Trackpoint><Trackpoint><Time>2026-03-22T20:08:20.000Z</Time><Position><LatitudeDegrees>24.695892333984375</LatitudeDegrees><LongitudeDegrees>120.89299774169922</LongitudeDegrees></Position></Trackpoint><Trackpoint><Time>2026-03-22T20:08:21.000Z</Time><Position><LatitudeDegrees>24.695905685424805</LatitudeDegrees><LongitudeDegrees>120.89299774169922</LongitudeDegrees></Position></Trackpoint><Trackpoint><Time>2026-03-22T20:08:22.000Z</Time><Position><LatitudeDegrees>24.695919036865234</LatitudeDegrees><LongitudeDegrees>120.89300537109375</LongitudeDegrees></Position></Trackpoint><Trackpoint><Time>2026-03-22T20:08:23.000Z</Time><Position><LatitudeDegrees>24.695934295654297</LatitudeDegrees><LongitudeDegrees>120.89300537109375</LongitudeDegrees></Position></Trackpoint><Trackpoint><Time>2026-03-22T20:08:24.000Z</Time><Position><LatitudeDegrees>24.69594955444336</LatitudeDegrees><LongitudeDegrees>120.89300537109375</LongitudeDegrees></Position></Trackpoint><Trackpoint><Time>2026-03-22T20:08:25.000Z</Time><Position><LatitudeDegrees>24.695964813232422</LatitudeDegrees><LongitudeDegrees>120.89300537109375</LongitudeDegrees></Position></Trackpoint><Trackpoint><Time>2026-03-22T20:08:26.000Z</Time><Position><LatitudeDegrees>24.69597816467285</LatitudeDegrees><LongitudeDegrees>120.89300537109375</LongitudeDegrees></Position></Trackpoint><Trackpoint><Time>2026-03-22T20:08:27.000Z</Time><Position><LatitudeDegrees>24.69599151611328</LatitudeDegrees><LongitudeDegrees>120.89299774169922</LongitudeDegrees></Position></Trackpoint><Trackpoint><Time>2026-03-22T20:08:28.000Z</Time><Position><LatitudeDegrees>24.69600486755371</LatitudeDegrees><LongitudeDegrees>120.89299774169922</LongitudeDegrees></Position></Trackpoint><Trackpoint><Time>2026-03-22T20:08:29.000Z</Time><Position><LatitudeDegrees>24.69601821899414</LatitudeDegrees><LongitudeDegrees>120.89299774169922</LongitudeDegrees></Position></Trackpoint><Trackpoint><Time>2026-03-22T20:08:30.000Z</Time><Position><LatitudeDegrees>24.69603157043457</LatitudeDegrees><LongitudeDegrees>120.89299774169922</LongitudeDegrees></Position></Trackpoint><Trackpoint><Time>2026-03-22T20:08:31.000Z</Time><Position><LatitudeDegrees>24.696044921875</LatitudeDegrees><LongitudeDegrees>120.89299774169922</LongitudeDegrees></Position></Trackpoint><Trackpoint><Time>2026-03-22T20:08:32.000Z</Time><Position><LatitudeDegrees>24.696056365966797</LatitudeDegrees><LongitudeDegrees>120.89300537109375</LongitudeDegrees></Position></Trackpoint><Trackpoint><Time>2026-03-22T20:08:33.000Z</Time><Position><LatitudeDegrees>24.696069717407227</LatitudeDegrees><LongitudeDegrees>120.89300537109375</LongitudeDegrees></Position></Trackpoint><Trackpoint><Time>2026-03-22T20:08:34.000Z</Time><Position><LatitudeDegrees>24.696081161499023</LatitudeDegrees><LongitudeDegrees>120.89300537109375</LongitudeDegrees></Position></Trackpoint><Trackpoint><Time>2026-03-22T20:08:35.000Z</Time><Position><LatitudeDegrees>24.696094512939453</LatitudeDegrees><LongitudeDegrees>120.89300537109375</LongitudeDegrees></Position></Trackpoint><Trackpoint><Time>2026-03-22T20:08:36.000Z</Time><Position><LatitudeDegrees>24.69610595703125</LatitudeDegrees><LongitudeDegrees>120.89300537109375</LongitudeDegrees></Position></Trackpoint><Trackpoint><Time>2026-03-22T20:08:37.000Z</Time><Position><LatitudeDegrees>24.696117401123047</LatitudeDegrees><LongitudeDegrees>120.89300537109375</LongitudeDegrees></Position></Trackpoint><Trackpoint><Time>2026-03-22T20:08:38.000Z</Time><Position><LatitudeDegrees>24.696130752563477</LatitudeDegrees><LongitudeDegrees>120.89300537109375</LongitudeDegrees></Position></Trackpoint><Trackpoint><Time>2026-03-22T20:08:39.000Z</Time><Position><LatitudeDegrees>24.696144104003906</LatitudeDegrees><LongitudeDegrees>120.89299774169922</LongitudeDegrees></Position></Trackpoint><Trackpoint><Time>2026-03-22T20:08:40.000Z</Time><Position><LatitudeDegrees>24.696157455444336</LatitudeDegrees><LongitudeDegrees>120.89299774169922</LongitudeDegrees></Position></Trackpoint><Trackpoint><Time>2026-03-22T20:08:41.000Z</Time><Position><LatitudeDegrees>24.696168899536133</LatitudeDegrees><LongitudeDegrees>120.89299774169922</LongitudeDegrees></Position></Trackpoint><Trackpoint><Time>2026-03-22T20:08:42.000Z</Time><Position><LatitudeDegrees>24.696178436279297</LatitudeDegrees><LongitudeDegrees>120.89299774169922</LongitudeDegrees></Position></Trackpoint><Trackpoint><Time>2026-03-22T20:08:43.000Z</Time><Position><LatitudeDegrees>24.69618797302246</LatitudeDegrees><LongitudeDegrees>120.89299774169922</LongitudeDegrees></Position></Trackpoint><Trackpoint><Time>2026-03-22T20:08:44.000Z</Time><Position><LatitudeDegrees>24.696199417114258</LatitudeDegrees><LongitudeDegrees>120.89299774169922</LongitudeDegrees></Position></Trackpoint><Trackpoint><Time>2026-03-22T20:08:45.000Z</Time><Position><LatitudeDegrees>24.696208953857422</LatitudeDegrees><LongitudeDegrees>120.89299774169922</LongitudeDegrees></Position></Trackpoint><Trackpoint><Time>2026-03-22T20:08:46.000Z</Time><Position><LatitudeDegrees>24.696218490600586</LatitudeDegrees><LongitudeDegrees>120.89300537109375</LongitudeDegrees></Position></Trackpoint><Trackpoint><Time>2026-03-22T20:08:47.000Z</Time><Position><LatitudeDegrees>24.69622802734375</LatitudeDegrees><LongitudeDegrees>120.89301300048828</LongitudeDegrees></Position></Trackpoint><Trackpoint><Time>2026-03-22T20:08:48.000Z</Time><Position><LatitudeDegrees>24.69623565673828</LatitudeDegrees><LongitudeDegrees>120.89301300048828</LongitudeDegrees></Position></Trackpoint><Trackpoint><Time>2026-03-22T20:08:49.000Z</Time><Position><LatitudeDegrees>24.696245193481445</LatitudeDegrees><LongitudeDegrees>120.89301300048828</LongitudeDegrees></Position></Trackpoint><Trackpoint><Time>2026-03-22T20:08:50.000Z</Time><Position><LatitudeDegrees>24.696252822875977</LatitudeDegrees><LongitudeDegrees>120.89302062988281</LongitudeDegrees></Position></Trackpoint><Trackpoint><Time>2026-03-22T20:08:51.000Z</Time><Position><LatitudeDegrees>24.69626235961914</LatitudeDegrees><LongitudeDegrees>120.89302062988281</LongitudeDegrees></Position></Trackpoint><Trackpoint><Time>2026-03-22T20:08:52.000Z</Time><Position><LatitudeDegrees>24.696271896362305</LatitudeDegrees><LongitudeDegrees>120.89302825927734</LongitudeDegrees></Position></Trackpoint><Trackpoint><Time>2026-03-22T20:08:53.000Z</Time><Position><LatitudeDegrees>24.696279525756836</LatitudeDegrees><LongitudeDegrees>120.89302825927734</LongitudeDegrees></Position></Trackpoint><Trackpoint><Time>2026-03-22T20:08:54.000Z</Time><Position><LatitudeDegrees>24.6962890625</LatitudeDegrees><LongitudeDegrees>120.89303588867188</LongitudeDegrees></Position></Trackpoint><Trackpoint><Time>2026-03-22T20:08:55.000Z</Time><Position><LatitudeDegrees>24.696300506591797</LatitudeDegrees><LongitudeDegrees>120.89303588867188</LongitudeDegrees></Position></Trackpoint><Trackpoint><Time>2026-03-22T20:08:56.000Z</Time><Position><LatitudeDegrees>24.69631004333496</LatitudeDegrees><LongitudeDegrees>120.8930435180664</LongitudeDegrees></Position></Trackpoint><Trackpoint><Time>2026-03-22T20:08:57.000Z</Time><Position><LatitudeDegrees>24.69632339477539</LatitudeDegrees><LongitudeDegrees>120.8930435180664</LongitudeDegrees></Position></Trackpoint><Trackpoint><Time>2026-03-22T20:08:58.000Z</Time><Position><LatitudeDegrees>24.696332931518555</LatitudeDegrees><LongitudeDegrees>120.8930435180664</LongitudeDegrees></Position></Trackpoint><Trackpoint><Time>2026-03-22T20:08:59.000Z</Time><Position><LatitudeDegrees>24.69634246826172</LatitudeDegrees><LongitudeDegrees>120.8930435180664</LongitudeDegrees></Position></Trackpoint><Trackpoint><Time>2026-03-22T20:09:01.000Z</Time><Position><LatitudeDegrees>24.696352005004883</LatitudeDegrees><LongitudeDegrees>120.89305114746094</LongitudeDegrees></Position></Trackpoint></Track></Lap></Activity></Activities></TrainingCenterDatabase>